"","date","series_id","value","realtime_start","realtime_end","level","cpi","title","observation_start","observation_end","units_short","seasonal_adjustment_short","last_updated","frequency","corr_units_short","corr_value","sid1"
"1",2006-03-01,"CES0500000003R",20.05,2024-11-01,2024-11-01,31.420137130696,199.7,"Real Average Hourly Earnings of All Employees, Total Private","2006-03-01","2024-10-01","2024 $","SA",2024-11-01,"Monthly","%",NA,"CES0500000003R"
"2",2006-04-01,"CES0500000003R",20.15,2024-11-01,2024-11-01,31.4195124813154,200.7,"Real Average Hourly Earnings of All Employees, Total Private","2006-03-01","2024-10-01","2024 $","SA",2024-11-01,"Monthly","%",NA,"CES0500000003R"
"3",2006-05-01,"CES0500000003R",20.13,2024-11-01,2024-11-01,31.29477,201.3,"Real Average Hourly Earnings of All Employees, Total Private","2006-03-01","2024-10-01","2024 $","SA",2024-11-01,"Monthly","%",NA,"CES0500000003R"
"4",2006-06-01,"CES0500000003R",20.23,2024-11-01,2024-11-01,31.3723090733399,201.8,"Real Average Hourly Earnings of All Employees, Total Private","2006-03-01","2024-10-01","2024 $","SA",2024-11-01,"Monthly","%",NA,"CES0500000003R"
"5",2006-07-01,"CES0500000003R",20.29,2024-11-01,2024-11-01,31.29477,202.9,"Real Average Hourly Earnings of All Employees, Total Private","2006-03-01","2024-10-01","2024 $","SA",2024-11-01,"Monthly","%",NA,"CES0500000003R"
"6",2006-08-01,"CES0500000003R",20.32,2024-11-01,2024-11-01,31.2026362315996,203.8,"Real Average Hourly Earnings of All Employees, Total Private","2006-03-01","2024-10-01","2024 $","SA",2024-11-01,"Monthly","%",NA,"CES0500000003R"
"7",2006-09-01,"CES0500000003R",20.41,2024-11-01,2024-11-01,31.4953775,202.8,"Real Average Hourly Earnings of All Employees, Total Private","2006-03-01","2024-10-01","2024 $","SA",2024-11-01,"Monthly","%",NA,"CES0500000003R"
"8",2006-10-01,"CES0500000003R",20.43,2024-11-01,2024-11-01,31.6667732095097,201.9,"Real Average Hourly Earnings of All Employees, Total Private","2006-03-01","2024-10-01","2024 $","SA",2024-11-01,"Monthly","%",NA,"CES0500000003R"
"9",2006-11-01,"CES0500000003R",20.49,2024-11-01,2024-11-01,31.7440513514851,202,"Real Average Hourly Earnings of All Employees, Total Private","2006-03-01","2024-10-01","2024 $","SA",2024-11-01,"Monthly","%",NA,"CES0500000003R"
"10",2006-12-01,"CES0500000003R",20.57,2024-11-01,2024-11-01,31.6953923633678,203.1,"Real Average Hourly Earnings of All Employees, Total Private","2006-03-01","2024-10-01","2024 $","SA",2024-11-01,"Monthly","%",NA,"CES0500000003R"
"11",2007-01-01,"CES0500000003R",20.59,2024-11-01,2024-11-01,31.6736539714998,203.437,"Real Average Hourly Earnings of All Employees, Total Private","2006-03-01","2024-10-01","2024 $","SA",2024-11-01,"Monthly","%",NA,"CES0500000003R"
"12",2007-02-01,"CES0500000003R",20.68,2024-11-01,2024-11-01,31.6891993967467,204.226,"Real Average Hourly Earnings of All Employees, Total Private","2006-03-01","2024-10-01","2024 $","SA",2024-11-01,"Monthly","%",NA,"CES0500000003R"
"13",2007-03-01,"CES0500000003R",20.73,2024-11-01,2024-11-01,31.6014858199213,205.288,"Real Average Hourly Earnings of All Employees, Total Private","2006-03-01","2024-10-01","2024 $","SA",2024-11-01,"Monthly","%",3.39152119700747,"CES0500000003R"
"14",2007-04-01,"CES0500000003R",20.78,2024-11-01,2024-11-01,31.5829377088352,205.904,"Real Average Hourly Earnings of All Employees, Total Private","2006-03-01","2024-10-01","2024 $","SA",2024-11-01,"Monthly","%",3.12655086848637,"CES0500000003R"
"15",2007-05-01,"CES0500000003R",20.84,2024-11-01,2024-11-01,31.5437598510314,206.755,"Real Average Hourly Earnings of All Employees, Total Private","2006-03-01","2024-10-01","2024 $","SA",2024-11-01,"Monthly","%",3.52707401887731,"CES0500000003R"
"16",2007-06-01,"CES0500000003R",20.95,2024-11-01,2024-11-01,31.63696263644,207.234,"Real Average Hourly Earnings of All Employees, Total Private","2006-03-01","2024-10-01","2024 $","SA",2024-11-01,"Monthly","%",3.55907068709835,"CES0500000003R"
"17",2007-07-01,"CES0500000003R",20.95,2024-11-01,2024-11-01,31.5807301195069,207.603,"Real Average Hourly Earnings of All Employees, Total Private","2006-03-01","2024-10-01","2024 $","SA",2024-11-01,"Monthly","%",3.25283390832922,"CES0500000003R"
"18",2007-08-01,"CES0500000003R",21,2024-11-01,2024-11-01,31.6463458325107,207.667,"Real Average Hourly Earnings of All Employees, Total Private","2006-03-01","2024-10-01","2024 $","SA",2024-11-01,"Monthly","%",3.34645669291338,"CES0500000003R"
"19",2007-09-01,"CES0500000003R",21.04,2024-11-01,2024-11-01,31.5728330208538,208.547,"Real Average Hourly Earnings of All Employees, Total Private","2006-03-01","2024-10-01","2024 $","SA",2024-11-01,"Monthly","%",3.08672219500246,"CES0500000003R"
"20",2007-10-01,"CES0500000003R",21.06,2024-11-01,2024-11-01,31.5057056360247,209.19,"Real Average Hourly Earnings of All Employees, Total Private","2006-03-01","2024-10-01","2024 $","SA",2024-11-01,"Monthly","%",3.08370044052864,"CES0500000003R"
"21",2007-11-01,"CES0500000003R",21.12,2024-11-01,2024-11-01,31.3490965593785,210.834,"Real Average Hourly Earnings of All Employees, Total Private","2006-03-01","2024-10-01","2024 $","SA",2024-11-01,"Monthly","%",3.07467057101025,"CES0500000003R"
"22",2007-12-01,"CES0500000003R",21.17,2024-11-01,2024-11-01,31.3325110974485,211.445,"Real Average Hourly Earnings of All Employees, Total Private","2006-03-01","2024-10-01","2024 $","SA",2024-11-01,"Monthly","%",2.91686922702967,"CES0500000003R"
"23",2008-01-01,"CES0500000003R",21.2,2024-11-01,2024-11-01,31.2691057339731,212.174,"Real Average Hourly Earnings of All Employees, Total Private","2006-03-01","2024-10-01","2024 $","SA",2024-11-01,"Monthly","%",2.96260320543953,"CES0500000003R"
"24",2008-02-01,"CES0500000003R",21.26,2024-11-01,2024-11-01,31.2819688180284,212.687,"Real Average Hourly Earnings of All Employees, Total Private","2006-03-01","2024-10-01","2024 $","SA",2024-11-01,"Monthly","%",2.80464216634431,"CES0500000003R"
"25",2008-03-01,"CES0500000003R",21.36,2024-11-01,2024-11-01,31.3170555451445,213.448,"Real Average Hourly Earnings of All Employees, Total Private","2006-03-01","2024-10-01","2024 $","SA",2024-11-01,"Monthly","%",3.03907380607815,"CES0500000003R"
"26",2008-04-01,"CES0500000003R",21.38,2024-11-01,2024-11-01,31.2739986818857,213.942,"Real Average Hourly Earnings of All Employees, Total Private","2006-03-01","2024-10-01","2024 $","SA",2024-11-01,"Monthly","%",2.88739172281038,"CES0500000003R"
"27",2008-05-01,"CES0500000003R",21.47,2024-11-01,2024-11-01,31.2208984749638,215.208,"Real Average Hourly Earnings of All Employees, Total Private","2006-03-01","2024-10-01","2024 $","SA",2024-11-01,"Monthly","%",3.02303262955854,"CES0500000003R"
"28",2008-06-01,"CES0500000003R",21.51,2024-11-01,2024-11-01,30.9547142594372,217.463,"Real Average Hourly Earnings of All Employees, Total Private","2006-03-01","2024-10-01","2024 $","SA",2024-11-01,"Monthly","%",2.673031026253,"CES0500000003R"
"29",2008-07-01,"CES0500000003R",21.6,2024-11-01,2024-11-01,30.8638196296161,219.016,"Real Average Hourly Earnings of All Employees, Total Private","2006-03-01","2024-10-01","2024 $","SA",2024-11-01,"Monthly","%",3.10262529832936,"CES0500000003R"
"30",2008-08-01,"CES0500000003R",21.7,2024-11-01,2024-11-01,31.0529292148704,218.69,"Real Average Hourly Earnings of All Employees, Total Private","2006-03-01","2024-10-01","2024 $","SA",2024-11-01,"Monthly","%",3.33333333333332,"CES0500000003R"
"31",2008-09-01,"CES0500000003R",21.72,2024-11-01,2024-11-01,31.0549945585877,218.877,"Real Average Hourly Earnings of All Employees, Total Private","2006-03-01","2024-10-01","2024 $","SA",2024-11-01,"Monthly","%",3.23193916349809,"CES0500000003R"
"32",2008-10-01,"CES0500000003R",21.76,2024-11-01,2024-11-01,31.3820224060462,216.995,"Real Average Hourly Earnings of All Employees, Total Private","2006-03-01","2024-10-01","2024 $","SA",2024-11-01,"Monthly","%",3.32383665717,"CES0500000003R"
"33",2008-11-01,"CES0500000003R",21.87,2024-11-01,2024-11-01,32.1091713417123,213.153,"Real Average Hourly Earnings of All Employees, Total Private","2006-03-01","2024-10-01","2024 $","SA",2024-11-01,"Monthly","%",3.55113636363635,"CES0500000003R"
"34",2008-12-01,"CES0500000003R",21.94,2024-11-01,2024-11-01,32.4793637498936,211.398,"Real Average Hourly Earnings of All Employees, Total Private","2006-03-01","2024-10-01","2024 $","SA",2024-11-01,"Monthly","%",3.63722248464808,"CES0500000003R"
"35",2009-01-01,"CES0500000003R",21.96,2024-11-01,2024-11-01,32.4269061071188,211.933,"Real Average Hourly Earnings of All Employees, Total Private","2006-03-01","2024-10-01","2024 $","SA",2024-11-01,"Monthly","%",3.58490566037737,"CES0500000003R"
"36",2009-02-01,"CES0500000003R",21.99,2024-11-01,2024-11-01,32.3533528736983,212.705,"Real Average Hourly Earnings of All Employees, Total Private","2006-03-01","2024-10-01","2024 $","SA",2024-11-01,"Monthly","%",3.43367826904983,"CES0500000003R"
"37",2009-03-01,"CES0500000003R",22.06,2024-11-01,2024-11-01,32.4884174309984,212.495,"Real Average Hourly Earnings of All Employees, Total Private","2006-03-01","2024-10-01","2024 $","SA",2024-11-01,"Monthly","%",3.27715355805243,"CES0500000003R"
"38",2009-04-01,"CES0500000003R",22.09,2024-11-01,2024-11-01,32.4998692721041,212.709,"Real Average Hourly Earnings of All Employees, Total Private","2006-03-01","2024-10-01","2024 $","SA",2024-11-01,"Monthly","%",3.32086061739945,"CES0500000003R"
"39",2009-05-01,"CES0500000003R",22.11,2024-11-01,2024-11-01,32.4814979063195,213.022,"Real Average Hourly Earnings of All Employees, Total Private","2006-03-01","2024-10-01","2024 $","SA",2024-11-01,"Monthly","%",2.98090358639962,"CES0500000003R"
"40",2009-06-01,"CES0500000003R",22.14,2024-11-01,2024-11-01,32.2578429070255,214.79,"Real Average Hourly Earnings of All Employees, Total Private","2006-03-01","2024-10-01","2024 $","SA",2024-11-01,"Monthly","%",2.92887029288702,"CES0500000003R"
"41",2009-07-01,"CES0500000003R",22.18,2024-11-01,2024-11-01,32.3257546175126,214.726,"Real Average Hourly Earnings of All Employees, Total Private","2006-03-01","2024-10-01","2024 $","SA",2024-11-01,"Monthly","%",2.68518518518517,"CES0500000003R"
"42",2009-08-01,"CES0500000003R",22.23,2024-11-01,2024-11-01,32.2905027779712,215.445,"Real Average Hourly Earnings of All Employees, Total Private","2006-03-01","2024-10-01","2024 $","SA",2024-11-01,"Monthly","%",2.44239631336407,"CES0500000003R"
"43",2009-09-01,"CES0500000003R",22.27,2024-11-01,2024-11-01,32.2862642116918,215.861,"Real Average Hourly Earnings of All Employees, Total Private","2006-03-01","2024-10-01","2024 $","SA",2024-11-01,"Monthly","%",2.53222836095766,"CES0500000003R"
"44",2009-10-01,"CES0500000003R",22.3,2024-11-01,2024-11-01,32.2329959031726,216.509,"Real Average Hourly Earnings of All Employees, Total Private","2006-03-01","2024-10-01","2024 $","SA",2024-11-01,"Monthly","%",2.48161764705881,"CES0500000003R"
"45",2009-11-01,"CES0500000003R",22.35,2024-11-01,2024-11-01,32.1974511126251,217.234,"Real Average Hourly Earnings of All Employees, Total Private","2006-03-01","2024-10-01","2024 $","SA",2024-11-01,"Monthly","%",2.19478737997256,"CES0500000003R"
"46",2009-12-01,"CES0500000003R",22.36,2024-11-01,2024-11-01,32.1951099946169,217.347,"Real Average Hourly Earnings of All Employees, Total Private","2006-03-01","2024-10-01","2024 $","SA",2024-11-01,"Monthly","%",1.91431175934365,"CES0500000003R"
"47",2010-01-01,"CES0500000003R",22.41,2024-11-01,2024-11-01,32.2461834997793,217.488,"Real Average Hourly Earnings of All Employees, Total Private","2006-03-01","2024-10-01","2024 $","SA",2024-11-01,"Monthly","%",2.04918032786885,"CES0500000003R"
"48",2010-02-01,"CES0500000003R",22.45,2024-11-01,2024-11-01,32.3345155121709,217.281,"Real Average Hourly Earnings of All Employees, Total Private","2006-03-01","2024-10-01","2024 $","SA",2024-11-01,"Monthly","%",2.09185993633469,"CES0500000003R"
"49",2010-03-01,"CES0500000003R",22.46,2024-11-01,2024-11-01,32.3382025644919,217.353,"Real Average Hourly Earnings of All Employees, Total Private","2006-03-01","2024-10-01","2024 $","SA",2024-11-01,"Monthly","%",1.81323662737989,"CES0500000003R"
"50",2010-04-01,"CES0500000003R",22.49,2024-11-01,2024-11-01,32.3739496373095,217.403,"Real Average Hourly Earnings of All Employees, Total Private","2006-03-01","2024-10-01","2024 $","SA",2024-11-01,"Monthly","%",1.81077410593027,"CES0500000003R"
"51",2010-05-01,"CES0500000003R",22.53,2024-11-01,2024-11-01,32.448394684523,217.29,"Real Average Hourly Earnings of All Employees, Total Private","2006-03-01","2024-10-01","2024 $","SA",2024-11-01,"Monthly","%",1.89959294436908,"CES0500000003R"
"52",2010-06-01,"CES0500000003R",22.53,2024-11-01,2024-11-01,32.4619896086078,217.199,"Real Average Hourly Earnings of All Employees, Total Private","2006-03-01","2024-10-01","2024 $","SA",2024-11-01,"Monthly","%",1.76151761517616,"CES0500000003R"
"53",2010-07-01,"CES0500000003R",22.59,2024-11-01,2024-11-01,32.4877118770249,217.605,"Real Average Hourly Earnings of All Employees, Total Private","2006-03-01","2024-10-01","2024 $","SA",2024-11-01,"Monthly","%",1.84851217312894,"CES0500000003R"
"54",2010-08-01,"CES0500000003R",22.62,2024-11-01,2024-11-01,32.4833862143968,217.923,"Real Average Hourly Earnings of All Employees, Total Private","2006-03-01","2024-10-01","2024 $","SA",2024-11-01,"Monthly","%",1.75438596491229,"CES0500000003R"
"55",2010-09-01,"CES0500000003R",22.67,2024-11-01,2024-11-01,32.502688622151,218.275,"Real Average Hourly Earnings of All Employees, Total Private","2006-03-01","2024-10-01","2024 $","SA",2024-11-01,"Monthly","%",1.79613830264931,"CES0500000003R"
"56",2010-10-01,"CES0500000003R",22.74,2024-11-01,2024-11-01,32.4899248887164,219.035,"Real Average Hourly Earnings of All Employees, Total Private","2006-03-01","2024-10-01","2024 $","SA",2024-11-01,"Monthly","%",1.97309417040357,"CES0500000003R"
"57",2010-11-01,"CES0500000003R",22.73,2024-11-01,2024-11-01,32.3935571792887,219.59,"Real Average Hourly Earnings of All Employees, Total Private","2006-03-01","2024-10-01","2024 $","SA",2024-11-01,"Monthly","%",1.70022371364653,"CES0500000003R"
"58",2010-12-01,"CES0500000003R",22.76,2024-11-01,2024-11-01,32.3065498203854,220.472,"Real Average Hourly Earnings of All Employees, Total Private","2006-03-01","2024-10-01","2024 $","SA",2024-11-01,"Monthly","%",1.78890876565296,"CES0500000003R"
"59",2011-01-01,"CES0500000003R",22.86,2024-11-01,2024-11-01,32.3436025715797,221.187,"Real Average Hourly Earnings of All Employees, Total Private","2006-03-01","2024-10-01","2024 $","SA",2024-11-01,"Monthly","%",2.00803212851406,"CES0500000003R"
"60",2011-02-01,"CES0500000003R",22.87,2024-11-01,2024-11-01,32.2540712354325,221.898,"Real Average Hourly Earnings of All Employees, Total Private","2006-03-01","2024-10-01","2024 $","SA",2024-11-01,"Monthly","%",1.87082405345211,"CES0500000003R"
"61",2011-03-01,"CES0500000003R",22.87,2024-11-01,2024-11-01,32.0880620992979,223.046,"Real Average Hourly Earnings of All Employees, Total Private","2006-03-01","2024-10-01","2024 $","SA",2024-11-01,"Monthly","%",1.82546749777381,"CES0500000003R"
"62",2011-04-01,"CES0500000003R",22.91,2024-11-01,2024-11-01,31.994001628788,224.093,"Real Average Hourly Earnings of All Employees, Total Private","2006-03-01","2024-10-01","2024 $","SA",2024-11-01,"Monthly","%",1.86749666518453,"CES0500000003R"
"63",2011-05-01,"CES0500000003R",22.98,2024-11-01,2024-11-01,31.9899742266665,224.806,"Real Average Hourly Earnings of All Employees, Total Private","2006-03-01","2024-10-01","2024 $","SA",2024-11-01,"Monthly","%",1.99733688415447,"CES0500000003R"
"64",2011-06-01,"CES0500000003R",23.01,2024-11-01,2024-11-01,32.0317365951087,224.806,"Real Average Hourly Earnings of All Employees, Total Private","2006-03-01","2024-10-01","2024 $","SA",2024-11-01,"Monthly","%",2.13049267643142,"CES0500000003R"
"65",2011-07-01,"CES0500000003R",23.1,2024-11-01,2024-11-01,32.0729912819717,225.395,"Real Average Hourly Earnings of All Employees, Total Private","2006-03-01","2024-10-01","2024 $","SA",2024-11-01,"Monthly","%",2.25763612217795,"CES0500000003R"
"66",2011-08-01,"CES0500000003R",23.07,2024-11-01,2024-11-01,31.9306141323096,226.106,"Real Average Hourly Earnings of All Employees, Total Private","2006-03-01","2024-10-01","2024 $","SA",2024-11-01,"Monthly","%",1.98938992042439,"CES0500000003R"
"67",2011-09-01,"CES0500000003R",23.12,2024-11-01,2024-11-01,31.9304793267343,226.597,"Real Average Hourly Earnings of All Employees, Total Private","2006-03-01","2024-10-01","2024 $","SA",2024-11-01,"Monthly","%",1.985002205558,"CES0500000003R"
"68",2011-10-01,"CES0500000003R",23.2,2024-11-01,2024-11-01,32.0193457111356,226.75,"Real Average Hourly Earnings of All Employees, Total Private","2006-03-01","2024-10-01","2024 $","SA",2024-11-01,"Monthly","%",2.02286719437115,"CES0500000003R"
"69",2011-11-01,"CES0500000003R",23.19,2024-11-01,2024-11-01,31.9465119052335,227.169,"Real Average Hourly Earnings of All Employees, Total Private","2006-03-01","2024-10-01","2024 $","SA",2024-11-01,"Monthly","%",2.02375714914211,"CES0500000003R"
"70",2011-12-01,"CES0500000003R",23.22,2024-11-01,2024-11-01,31.9802378896503,227.223,"Real Average Hourly Earnings of All Employees, Total Private","2006-03-01","2024-10-01","2024 $","SA",2024-11-01,"Monthly","%",2.02108963093144,"CES0500000003R"
"71",2012-01-01,"CES0500000003R",23.25,2024-11-01,2024-11-01,31.9345600240517,227.842,"Real Average Hourly Earnings of All Employees, Total Private","2006-03-01","2024-10-01","2024 $","SA",2024-11-01,"Monthly","%",1.70603674540684,"CES0500000003R"
"72",2012-02-01,"CES0500000003R",23.28,2024-11-01,2024-11-01,31.907565206347,228.329,"Real Average Hourly Earnings of All Employees, Total Private","2006-03-01","2024-10-01","2024 $","SA",2024-11-01,"Monthly","%",1.79274158285965,"CES0500000003R"
"73",2012-03-01,"CES0500000003R",23.36,2024-11-01,2024-11-01,31.950326135127,228.807,"Real Average Hourly Earnings of All Employees, Total Private","2006-03-01","2024-10-01","2024 $","SA",2024-11-01,"Monthly","%",2.14254481853957,"CES0500000003R"
"74",2012-04-01,"CES0500000003R",23.39,2024-11-01,2024-11-01,31.9383154498292,229.187,"Real Average Hourly Earnings of All Employees, Total Private","2006-03-01","2024-10-01","2024 $","SA",2024-11-01,"Monthly","%",2.09515495416848,"CES0500000003R"
"75",2012-05-01,"CES0500000003R",23.4,2024-11-01,2024-11-01,32.0181895213652,228.713,"Real Average Hourly Earnings of All Employees, Total Private","2006-03-01","2024-10-01","2024 $","SA",2024-11-01,"Monthly","%",1.82767624020888,"CES0500000003R"
"76",2012-06-01,"CES0500000003R",23.46,2024-11-01,2024-11-01,32.1268358771945,228.524,"Real Average Hourly Earnings of All Employees, Total Private","2006-03-01","2024-10-01","2024 $","SA",2024-11-01,"Monthly","%",1.95567144719686,"CES0500000003R"
"77",2012-07-01,"CES0500000003R",23.5,2024-11-01,2024-11-01,32.1723214051358,228.59,"Real Average Hourly Earnings of All Employees, Total Private","2006-03-01","2024-10-01","2024 $","SA",2024-11-01,"Monthly","%",1.73160173160172,"CES0500000003R"
"78",2012-08-01,"CES0500000003R",23.48,2024-11-01,2024-11-01,31.9592724188624,229.918,"Real Average Hourly Earnings of All Employees, Total Private","2006-03-01","2024-10-01","2024 $","SA",2024-11-01,"Monthly","%",1.77719982661466,"CES0500000003R"
"79",2012-09-01,"CES0500000003R",23.57,2024-11-01,2024-11-01,31.9294300759691,231.015,"Real Average Hourly Earnings of All Employees, Total Private","2006-03-01","2024-10-01","2024 $","SA",2024-11-01,"Monthly","%",1.94636678200693,"CES0500000003R"
"80",2012-10-01,"CES0500000003R",23.56,2024-11-01,2024-11-01,31.8300443450556,231.638,"Real Average Hourly Earnings of All Employees, Total Private","2006-03-01","2024-10-01","2024 $","SA",2024-11-01,"Monthly","%",1.55172413793103,"CES0500000003R"
"81",2012-11-01,"CES0500000003R",23.63,2024-11-01,2024-11-01,31.9783183970525,231.249,"Real Average Hourly Earnings of All Employees, Total Private","2006-03-01","2024-10-01","2024 $","SA",2024-11-01,"Monthly","%",1.89736955584303,"CES0500000003R"
"82",2012-12-01,"CES0500000003R",23.73,2024-11-01,2024-11-01,32.1175365602605,231.221,"Real Average Hourly Earnings of All Employees, Total Private","2006-03-01","2024-10-01","2024 $","SA",2024-11-01,"Monthly","%",2.19638242894058,"CES0500000003R"
"83",2013-01-01,"CES0500000003R",23.75,2024-11-01,2024-11-01,32.0810598932143,231.679,"Real Average Hourly Earnings of All Employees, Total Private","2006-03-01","2024-10-01","2024 $","SA",2024-11-01,"Monthly","%",2.1505376344086,"CES0500000003R"
"84",2013-02-01,"CES0500000003R",23.78,2024-11-01,2024-11-01,31.9481074539468,232.937,"Real Average Hourly Earnings of All Employees, Total Private","2006-03-01","2024-10-01","2024 $","SA",2024-11-01,"Monthly","%",2.14776632302405,"CES0500000003R"
"85",2013-03-01,"CES0500000003R",23.8,2024-11-01,2024-11-01,32.0651417673345,232.282,"Real Average Hourly Earnings of All Employees, Total Private","2006-03-01","2024-10-01","2024 $","SA",2024-11-01,"Monthly","%",1.88356164383563,"CES0500000003R"
"86",2013-04-01,"CES0500000003R",23.87,2024-11-01,2024-11-01,32.2267397723008,231.797,"Real Average Hourly Earnings of All Employees, Total Private","2006-03-01","2024-10-01","2024 $","SA",2024-11-01,"Monthly","%",2.05215904232579,"CES0500000003R"
"87",2013-05-01,"CES0500000003R",23.89,2024-11-01,2024-11-01,32.2403891148073,231.893,"Real Average Hourly Earnings of All Employees, Total Private","2006-03-01","2024-10-01","2024 $","SA",2024-11-01,"Monthly","%",2.09401709401711,"CES0500000003R"
"88",2013-06-01,"CES0500000003R",23.96,2024-11-01,2024-11-01,32.2580691862591,232.445,"Real Average Hourly Earnings of All Employees, Total Private","2006-03-01","2024-10-01","2024 $","SA",2024-11-01,"Monthly","%",2.13128729752772,"CES0500000003R"
"89",2013-07-01,"CES0500000003R",23.98,2024-11-01,2024-11-01,32.2219229111207,232.9,"Real Average Hourly Earnings of All Employees, Total Private","2006-03-01","2024-10-01","2024 $","SA",2024-11-01,"Monthly","%",2.04255319148936,"CES0500000003R"
"90",2013-08-01,"CES0500000003R",24.02,2024-11-01,2024-11-01,32.1988030035638,233.456,"Real Average Hourly Earnings of All Employees, Total Private","2006-03-01","2024-10-01","2024 $","SA",2024-11-01,"Monthly","%",2.29982964224873,"CES0500000003R"
"91",2013-09-01,"CES0500000003R",24.06,2024-11-01,2024-11-01,32.240270193197,233.544,"Real Average Hourly Earnings of All Employees, Total Private","2006-03-01","2024-10-01","2024 $","SA",2024-11-01,"Monthly","%",2.07891387356809,"CES0500000003R"
"92",2013-10-01,"CES0500000003R",24.09,2024-11-01,2024-11-01,32.2632017640337,233.669,"Real Average Hourly Earnings of All Employees, Total Private","2006-03-01","2024-10-01","2024 $","SA",2024-11-01,"Monthly","%",2.24957555178269,"CES0500000003R"
"93",2013-11-01,"CES0500000003R",24.16,2024-11-01,2024-11-01,32.2973790346006,234.1,"Real Average Hourly Earnings of All Employees, Total Private","2006-03-01","2024-10-01","2024 $","SA",2024-11-01,"Monthly","%",2.24291155311045,"CES0500000003R"
"94",2013-12-01,"CES0500000003R",24.18,2024-11-01,2024-11-01,32.2388702491064,234.719,"Real Average Hourly Earnings of All Employees, Total Private","2006-03-01","2024-10-01","2024 $","SA",2024-11-01,"Monthly","%",1.89633375474083,"CES0500000003R"
"95",2014-01-01,"CES0500000003R",24.23,2024-11-01,2024-11-01,32.2274096894019,235.288,"Real Average Hourly Earnings of All Employees, Total Private","2006-03-01","2024-10-01","2024 $","SA",2024-11-01,"Monthly","%",2.02105263157895,"CES0500000003R"
"96",2014-02-01,"CES0500000003R",24.33,2024-11-01,2024-11-01,32.3248334345163,235.547,"Real Average Hourly Earnings of All Employees, Total Private","2006-03-01","2024-10-01","2024 $","SA",2024-11-01,"Monthly","%",2.31286795626575,"CES0500000003R"
"97",2014-03-01,"CES0500000003R",24.32,2024-11-01,2024-11-01,32.2456999339061,236.028,"Real Average Hourly Earnings of All Employees, Total Private","2006-03-01","2024-10-01","2024 $","SA",2024-11-01,"Monthly","%",2.18487394957982,"CES0500000003R"
"98",2014-04-01,"CES0500000003R",24.34,2024-11-01,2024-11-01,32.2121683187577,236.468,"Real Average Hourly Earnings of All Employees, Total Private","2006-03-01","2024-10-01","2024 $","SA",2024-11-01,"Monthly","%",1.9689987431923,"CES0500000003R"
"99",2014-05-01,"CES0500000003R",24.4,2024-11-01,2024-11-01,32.230239492145,236.918,"Real Average Hourly Earnings of All Employees, Total Private","2006-03-01","2024-10-01","2024 $","SA",2024-11-01,"Monthly","%",2.13478442863122,"CES0500000003R"
"100",2014-06-01,"CES0500000003R",24.46,2024-11-01,2024-11-01,32.2668653843722,237.231,"Real Average Hourly Earnings of All Employees, Total Private","2006-03-01","2024-10-01","2024 $","SA",2024-11-01,"Monthly","%",2.08681135225375,"CES0500000003R"
"101",2014-07-01,"CES0500000003R",24.48,2024-11-01,2024-11-01,32.256944041634,237.498,"Real Average Hourly Earnings of All Employees, Total Private","2006-03-01","2024-10-01","2024 $","SA",2024-11-01,"Monthly","%",2.08507089241035,"CES0500000003R"
"102",2014-08-01,"CES0500000003R",24.54,2024-11-01,2024-11-01,32.3411798113366,237.46,"Real Average Hourly Earnings of All Employees, Total Private","2006-03-01","2024-10-01","2024 $","SA",2024-11-01,"Monthly","%",2.16486261448792,"CES0500000003R"
"103",2014-09-01,"CES0500000003R",24.55,2024-11-01,2024-11-01,32.3520426609735,237.477,"Real Average Hourly Earnings of All Employees, Total Private","2006-03-01","2024-10-01","2024 $","SA",2024-11-01,"Monthly","%",2.03657522859519,"CES0500000003R"
"104",2014-10-01,"CES0500000003R",24.58,2024-11-01,2024-11-01,32.3979887377332,237.43,"Real Average Hourly Earnings of All Employees, Total Private","2006-03-01","2024-10-01","2024 $","SA",2024-11-01,"Monthly","%",2.03403902034038,"CES0500000003R"
"105",2014-11-01,"CES0500000003R",24.66,2024-11-01,2024-11-01,32.5647421207428,236.983,"Real Average Hourly Earnings of All Employees, Total Private","2006-03-01","2024-10-01","2024 $","SA",2024-11-01,"Monthly","%",2.06953642384107,"CES0500000003R"
"106",2014-12-01,"CES0500000003R",24.62,2024-11-01,2024-11-01,32.61251703266,236.252,"Real Average Hourly Earnings of All Employees, Total Private","2006-03-01","2024-10-01","2024 $","SA",2024-11-01,"Monthly","%",1.81968569065343,"CES0500000003R"
"107",2015-01-01,"CES0500000003R",24.75,2024-11-01,2024-11-01,32.9949076026531,234.747,"Real Average Hourly Earnings of All Employees, Total Private","2006-03-01","2024-10-01","2024 $","SA",2024-11-01,"Monthly","%",2.14609987618655,"CES0500000003R"
"108",2015-02-01,"CES0500000003R",24.79,2024-11-01,2024-11-01,32.9646789905754,235.342,"Real Average Hourly Earnings of All Employees, Total Private","2006-03-01","2024-10-01","2024 $","SA",2024-11-01,"Monthly","%",1.89066995478833,"CES0500000003R"
"109",2015-03-01,"CES0500000003R",24.86,2024-11-01,2024-11-01,32.9689452401939,235.976,"Real Average Hourly Earnings of All Employees, Total Private","2006-03-01","2024-10-01","2024 $","SA",2024-11-01,"Monthly","%",2.2203947368421,"CES0500000003R"
"110",2015-04-01,"CES0500000003R",24.89,2024-11-01,2024-11-01,32.9743557035331,236.222,"Real Average Hourly Earnings of All Employees, Total Private","2006-03-01","2024-10-01","2024 $","SA",2024-11-01,"Monthly","%",2.25965488907149,"CES0500000003R"
"111",2015-05-01,"CES0500000003R",24.97,2024-11-01,2024-11-01,32.9716080058734,237.001,"Real Average Hourly Earnings of All Employees, Total Private","2006-03-01","2024-10-01","2024 $","SA",2024-11-01,"Monthly","%",2.33606557377048,"CES0500000003R"
"112",2015-06-01,"CES0500000003R",24.97,2024-11-01,2024-11-01,32.8805971168533,237.657,"Real Average Hourly Earnings of All Employees, Total Private","2006-03-01","2024-10-01","2024 $","SA",2024-11-01,"Monthly","%",2.08503679476695,"CES0500000003R"
"113",2015-07-01,"CES0500000003R",25,2024-11-01,2024-11-01,32.8679621398624,238.034,"Real Average Hourly Earnings of All Employees, Total Private","2006-03-01","2024-10-01","2024 $","SA",2024-11-01,"Monthly","%",2.12418300653594,"CES0500000003R"
"114",2015-08-01,"CES0500000003R",25.09,2024-11-01,2024-11-01,32.9864253821949,238.033,"Real Average Hourly Earnings of All Employees, Total Private","2006-03-01","2024-10-01","2024 $","SA",2024-11-01,"Monthly","%",2.24123879380604,"CES0500000003R"
"115",2015-09-01,"CES0500000003R",25.11,2024-11-01,2024-11-01,33.087085983882,237.498,"Real Average Hourly Earnings of All Employees, Total Private","2006-03-01","2024-10-01","2024 $","SA",2024-11-01,"Monthly","%",2.28105906313645,"CES0500000003R"
"116",2015-10-01,"CES0500000003R",25.19,2024-11-01,2024-11-01,33.1596899168395,237.733,"Real Average Hourly Earnings of All Employees, Total Private","2006-03-01","2024-10-01","2024 $","SA",2024-11-01,"Monthly","%",2.48169243287226,"CES0500000003R"
"117",2015-11-01,"CES0500000003R",25.25,2024-11-01,2024-11-01,33.1990127805997,238.017,"Real Average Hourly Earnings of All Employees, Total Private","2006-03-01","2024-10-01","2024 $","SA",2024-11-01,"Monthly","%",2.39253852392538,"CES0500000003R"
"118",2015-12-01,"CES0500000003R",25.24,2024-11-01,2024-11-01,33.2215962584276,237.761,"Real Average Hourly Earnings of All Employees, Total Private","2006-03-01","2024-10-01","2024 $","SA",2024-11-01,"Monthly","%",2.51827782290819,"CES0500000003R"
"119",2016-01-01,"CES0500000003R",25.38,2024-11-01,2024-11-01,33.4211899163483,237.652,"Real Average Hourly Earnings of All Employees, Total Private","2006-03-01","2024-10-01","2024 $","SA",2024-11-01,"Monthly","%",2.54545454545454,"CES0500000003R"
"120",2016-02-01,"CES0500000003R",25.38,2024-11-01,2024-11-01,33.4656884164223,237.336,"Real Average Hourly Earnings of All Employees, Total Private","2006-03-01","2024-10-01","2024 $","SA",2024-11-01,"Monthly","%",2.37999193223073,"CES0500000003R"
"121",2016-03-01,"CES0500000003R",25.45,2024-11-01,2024-11-01,33.4531206527218,238.08,"Real Average Hourly Earnings of All Employees, Total Private","2006-03-01","2024-10-01","2024 $","SA",2024-11-01,"Monthly","%",2.37329042638776,"CES0500000003R"
"122",2016-04-01,"CES0500000003R",25.53,2024-11-01,2024-11-01,33.4302185052219,238.992,"Real Average Hourly Earnings of All Employees, Total Private","2006-03-01","2024-10-01","2024 $","SA",2024-11-01,"Monthly","%",2.5713137806348,"CES0500000003R"
"123",2016-05-01,"CES0500000003R",25.58,2024-11-01,2024-11-01,33.416690666522,239.557,"Real Average Hourly Earnings of All Employees, Total Private","2006-03-01","2024-10-01","2024 $","SA",2024-11-01,"Monthly","%",2.44293151782138,"CES0500000003R"
"124",2016-06-01,"CES0500000003R",25.62,2024-11-01,2024-11-01,33.3762939031396,240.222,"Real Average Hourly Earnings of All Employees, Total Private","2006-03-01","2024-10-01","2024 $","SA",2024-11-01,"Monthly","%",2.6031237484982,"CES0500000003R"
"125",2016-07-01,"CES0500000003R",25.69,2024-11-01,2024-11-01,33.4843520560098,240.101,"Real Average Hourly Earnings of All Employees, Total Private","2006-03-01","2024-10-01","2024 $","SA",2024-11-01,"Monthly","%",2.76000000000001,"CES0500000003R"
"126",2016-08-01,"CES0500000003R",25.72,2024-11-01,2024-11-01,33.4615761874078,240.545,"Real Average Hourly Earnings of All Employees, Total Private","2006-03-01","2024-10-01","2024 $","SA",2024-11-01,"Monthly","%",2.51096054204862,"CES0500000003R"
"127",2016-09-01,"CES0500000003R",25.77,2024-11-01,2024-11-01,33.4389086351876,241.176,"Real Average Hourly Earnings of All Employees, Total Private","2006-03-01","2024-10-01","2024 $","SA",2024-11-01,"Monthly","%",2.6284348864994,"CES0500000003R"
"128",2016-10-01,"CES0500000003R",25.89,2024-11-01,2024-11-01,33.5161017493929,241.741,"Real Average Hourly Earnings of All Employees, Total Private","2006-03-01","2024-10-01","2024 $","SA",2024-11-01,"Monthly","%",2.77888050813815,"CES0500000003R"
"129",2016-11-01,"CES0500000003R",25.9,2024-11-01,2024-11-01,33.489564881459,242.026,"Real Average Hourly Earnings of All Employees, Total Private","2006-03-01","2024-10-01","2024 $","SA",2024-11-01,"Monthly","%",2.57425742574258,"CES0500000003R"
"130",2016-12-01,"CES0500000003R",25.92,2024-11-01,2024-11-01,33.4310281778954,242.637,"Real Average Hourly Earnings of All Employees, Total Private","2006-03-01","2024-10-01","2024 $","SA",2024-11-01,"Monthly","%",2.69413629160065,"CES0500000003R"
"131",2017-01-01,"CES0500000003R",26,2024-11-01,2024-11-01,33.3991749378125,243.618,"Real Average Hourly Earnings of All Employees, Total Private","2006-03-01","2024-10-01","2024 $","SA",2024-11-01,"Monthly","%",2.44286840031522,"CES0500000003R"
"132",2017-02-01,"CES0500000003R",26.07,2024-11-01,2024-11-01,33.4358439505586,244.006,"Real Average Hourly Earnings of All Employees, Total Private","2006-03-01","2024-10-01","2024 $","SA",2024-11-01,"Monthly","%",2.71867612293144,"CES0500000003R"
"133",2017-03-01,"CES0500000003R",26.11,2024-11-01,2024-11-01,33.5027981524609,243.892,"Real Average Hourly Earnings of All Employees, Total Private","2006-03-01","2024-10-01","2024 $","SA",2024-11-01,"Monthly","%",2.59332023575638,"CES0500000003R"
"134",2017-04-01,"CES0500000003R",26.17,2024-11-01,2024-11-01,33.538395076845,244.193,"Real Average Hourly Earnings of All Employees, Total Private","2006-03-01","2024-10-01","2024 $","SA",2024-11-01,"Monthly","%",2.50685468076772,"CES0500000003R"
"135",2017-05-01,"CES0500000003R",26.21,2024-11-01,2024-11-01,33.6156752225373,244.004,"Real Average Hourly Earnings of All Employees, Total Private","2006-03-01","2024-10-01","2024 $","SA",2024-11-01,"Monthly","%",2.46286161063332,"CES0500000003R"
"136",2017-06-01,"CES0500000003R",26.26,2024-11-01,2024-11-01,33.6578703652888,244.163,"Real Average Hourly Earnings of All Employees, Total Private","2006-03-01","2024-10-01","2024 $","SA",2024-11-01,"Monthly","%",2.49804839968775,"CES0500000003R"
"137",2017-07-01,"CES0500000003R",26.36,2024-11-01,2024-11-01,33.7749756267324,244.243,"Real Average Hourly Earnings of All Employees, Total Private","2006-03-01","2024-10-01","2024 $","SA",2024-11-01,"Monthly","%",2.60801868431295,"CES0500000003R"
"138",2017-08-01,"CES0500000003R",26.38,2024-11-01,2024-11-01,33.671014409645,245.183,"Real Average Hourly Earnings of All Employees, Total Private","2006-03-01","2024-10-01","2024 $","SA",2024-11-01,"Monthly","%",2.56609642301711,"CES0500000003R"
"139",2017-09-01,"CES0500000003R",26.49,2024-11-01,2024-11-01,33.6396395520117,246.435,"Real Average Hourly Earnings of All Employees, Total Private","2006-03-01","2024-10-01","2024 $","SA",2024-11-01,"Monthly","%",2.79394644935971,"CES0500000003R"
"140",2017-10-01,"CES0500000003R",26.49,2024-11-01,2024-11-01,33.6135872657384,246.626,"Real Average Hourly Earnings of All Employees, Total Private","2006-03-01","2024-10-01","2024 $","SA",2024-11-01,"Monthly","%",2.31749710312861,"CES0500000003R"
"141",2017-11-01,"CES0500000003R",26.53,2024-11-01,2024-11-01,33.574766183821,247.284,"Real Average Hourly Earnings of All Employees, Total Private","2006-03-01","2024-10-01","2024 $","SA",2024-11-01,"Monthly","%",2.43243243243245,"CES0500000003R"
"142",2017-12-01,"CES0500000003R",26.61,2024-11-01,2024-11-01,33.6052069046226,247.805,"Real Average Hourly Earnings of All Employees, Total Private","2006-03-01","2024-10-01","2024 $","SA",2024-11-01,"Monthly","%",2.66203703703702,"CES0500000003R"
"143",2018-01-01,"CES0500000003R",26.73,2024-11-01,2024-11-01,33.6137813822285,248.859,"Real Average Hourly Earnings of All Employees, Total Private","2006-03-01","2024-10-01","2024 $","SA",2024-11-01,"Monthly","%",2.80769230769231,"CES0500000003R"
"144",2018-02-01,"CES0500000003R",26.75,2024-11-01,2024-11-01,33.5486094802608,249.529,"Real Average Hourly Earnings of All Employees, Total Private","2006-03-01","2024-10-01","2024 $","SA",2024-11-01,"Monthly","%",2.60836210203299,"CES0500000003R"
"145",2018-03-01,"CES0500000003R",26.86,2024-11-01,2024-11-01,33.6800875962128,249.577,"Real Average Hourly Earnings of All Employees, Total Private","2006-03-01","2024-10-01","2024 $","SA",2024-11-01,"Monthly","%",2.87246265798544,"CES0500000003R"
"146",2018-04-01,"CES0500000003R",26.91,2024-11-01,2024-11-01,33.6551315685358,250.227,"Real Average Hourly Earnings of All Employees, Total Private","2006-03-01","2024-10-01","2024 $","SA",2024-11-01,"Monthly","%",2.82766526557126,"CES0500000003R"
"147",2018-05-01,"CES0500000003R",26.98,2024-11-01,2024-11-01,33.6666598057354,250.792,"Real Average Hourly Earnings of All Employees, Total Private","2006-03-01","2024-10-01","2024 $","SA",2024-11-01,"Monthly","%",2.93780999618467,"CES0500000003R"
"148",2018-06-01,"CES0500000003R",27.04,2024-11-01,2024-11-01,33.7111514234039,251.018,"Real Average Hourly Earnings of All Employees, Total Private","2006-03-01","2024-10-01","2024 $","SA",2024-11-01,"Monthly","%",2.97029702970295,"CES0500000003R"
"149",2018-07-01,"CES0500000003R",27.09,2024-11-01,2024-11-01,33.7471366762999,251.214,"Real Average Hourly Earnings of All Employees, Total Private","2006-03-01","2024-10-01","2024 $","SA",2024-11-01,"Monthly","%",2.76934749620636,"CES0500000003R"
"150",2018-08-01,"CES0500000003R",27.2,2024-11-01,2024-11-01,33.8237144117331,251.663,"Real Average Hourly Earnings of All Employees, Total Private","2006-03-01","2024-10-01","2024 $","SA",2024-11-01,"Monthly","%",3.10841546626233,"CES0500000003R"
"151",2018-09-01,"CES0500000003R",27.32,2024-11-01,2024-11-01,33.9030191052494,252.182,"Real Average Hourly Earnings of All Employees, Total Private","2006-03-01","2024-10-01","2024 $","SA",2024-11-01,"Monthly","%",3.1332578331446,"CES0500000003R"
"152",2018-10-01,"CES0500000003R",27.37,2024-11-01,2024-11-01,33.8857885723102,252.772,"Real Average Hourly Earnings of All Employees, Total Private","2006-03-01","2024-10-01","2024 $","SA",2024-11-01,"Monthly","%",3.32200830502076,"CES0500000003R"
"153",2018-11-01,"CES0500000003R",27.44,2024-11-01,2024-11-01,33.9963929784555,252.594,"Real Average Hourly Earnings of All Employees, Total Private","2006-03-01","2024-10-01","2024 $","SA",2024-11-01,"Monthly","%",3.43007915567282,"CES0500000003R"
"154",2018-12-01,"CES0500000003R",27.55,2024-11-01,2024-11-01,34.1093146455036,252.767,"Real Average Hourly Earnings of All Employees, Total Private","2006-03-01","2024-10-01","2024 $","SA",2024-11-01,"Monthly","%",3.53250657647501,"CES0500000003R"
"155",2019-01-01,"CES0500000003R",27.59,2024-11-01,2024-11-01,34.1866996210816,252.561,"Real Average Hourly Earnings of All Employees, Total Private","2006-03-01","2024-10-01","2024 $","SA",2024-11-01,"Monthly","%",3.21735877291434,"CES0500000003R"
"156",2019-02-01,"CES0500000003R",27.71,2024-11-01,2024-11-01,34.2326504012727,253.319,"Real Average Hourly Earnings of All Employees, Total Private","2006-03-01","2024-10-01","2024 $","SA",2024-11-01,"Monthly","%",3.58878504672897,"CES0500000003R"
"157",2019-03-01,"CES0500000003R",27.8,2024-11-01,2024-11-01,34.2144435399191,254.277,"Real Average Hourly Earnings of All Employees, Total Private","2006-03-01","2024-10-01","2024 $","SA",2024-11-01,"Monthly","%",3.49962769918095,"CES0500000003R"
"158",2019-04-01,"CES0500000003R",27.78,2024-11-01,2024-11-01,34.0617675065528,255.233,"Real Average Hourly Earnings of All Employees, Total Private","2006-03-01","2024-10-01","2024 $","SA",2024-11-01,"Monthly","%",3.23299888517281,"CES0500000003R"
"159",2019-05-01,"CES0500000003R",27.86,2024-11-01,2024-11-01,34.1514278406242,255.296,"Real Average Hourly Earnings of All Employees, Total Private","2006-03-01","2024-10-01","2024 $","SA",2024-11-01,"Monthly","%",3.26167531504817,"CES0500000003R"
"160",2019-06-01,"CES0500000003R",27.95,2024-11-01,2024-11-01,34.2728944646237,255.213,"Real Average Hourly Earnings of All Employees, Total Private","2006-03-01","2024-10-01","2024 $","SA",2024-11-01,"Monthly","%",3.36538461538463,"CES0500000003R"
"161",2019-07-01,"CES0500000003R",28.02,2024-11-01,2024-11-01,34.2796168677336,255.802,"Real Average Hourly Earnings of All Employees, Total Private","2006-03-01","2024-10-01","2024 $","SA",2024-11-01,"Monthly","%",3.43300110741971,"CES0500000003R"
"162",2019-08-01,"CES0500000003R",28.13,2024-11-01,2024-11-01,34.3827383688231,256.036,"Real Average Hourly Earnings of All Employees, Total Private","2006-03-01","2024-10-01","2024 $","SA",2024-11-01,"Monthly","%",3.41911764705882,"CES0500000003R"
"163",2019-09-01,"CES0500000003R",28.17,2024-11-01,2024-11-01,34.3787260031978,256.43,"Real Average Hourly Earnings of All Employees, Total Private","2006-03-01","2024-10-01","2024 $","SA",2024-11-01,"Monthly","%",3.11127379209371,"CES0500000003R"
"164",2019-10-01,"CES0500000003R",28.23,2024-11-01,2024-11-01,34.3548193540861,257.155,"Real Average Hourly Earnings of All Employees, Total Private","2006-03-01","2024-10-01","2024 $","SA",2024-11-01,"Monthly","%",3.14212641578371,"CES0500000003R"
"165",2019-11-01,"CES0500000003R",28.35,2024-11-01,2024-11-01,34.4039929385487,257.879,"Real Average Hourly Earnings of All Employees, Total Private","2006-03-01","2024-10-01","2024 $","SA",2024-11-01,"Monthly","%",3.31632653061225,"CES0500000003R"
"166",2019-12-01,"CES0500000003R",28.37,2024-11-01,2024-11-01,34.3282923442756,258.63,"Real Average Hourly Earnings of All Employees, Total Private","2006-03-01","2024-10-01","2024 $","SA",2024-11-01,"Monthly","%",2.97640653357532,"CES0500000003R"
"167",2020-01-01,"CES0500000003R",28.44,2024-11-01,2024-11-01,34.3763087298093,258.906,"Real Average Hourly Earnings of All Employees, Total Private","2006-03-01","2024-10-01","2024 $","SA",2024-11-01,"Monthly","%",3.08082638637188,"CES0500000003R"
"168",2020-02-01,"CES0500000003R",28.55,2024-11-01,2024-11-01,34.4640103801023,259.246,"Real Average Hourly Earnings of All Employees, Total Private","2006-03-01","2024-10-01","2024 $","SA",2024-11-01,"Monthly","%",3.03139660772285,"CES0500000003R"
"169",2020-03-01,"CES0500000003R",28.77,2024-11-01,2024-11-01,34.8770301336432,258.15,"Real Average Hourly Earnings of All Employees, Total Private","2006-03-01","2024-10-01","2024 $","SA",2024-11-01,"Monthly","%",3.48920863309352,"CES0500000003R"
"170",2020-04-01,"CES0500000003R",30.01,2024-11-01,2024-11-01,36.6677357121105,256.126,"Real Average Hourly Earnings of All Employees, Total Private","2006-03-01","2024-10-01","2024 $","SA",2024-11-01,"Monthly","%",8.02735781137509,"CES0500000003R"
"171",2020-05-01,"CES0500000003R",29.72,2024-11-01,2024-11-01,36.3528565554548,255.848,"Real Average Hourly Earnings of All Employees, Total Private","2006-03-01","2024-10-01","2024 $","SA",2024-11-01,"Monthly","%",6.67623833452979,"CES0500000003R"
"172",2020-06-01,"CES0500000003R",29.38,2024-11-01,2024-11-01,35.7753320026147,257.004,"Real Average Hourly Earnings of All Employees, Total Private","2006-03-01","2024-10-01","2024 $","SA",2024-11-01,"Monthly","%",5.11627906976744,"CES0500000003R"
"173",2020-07-01,"CES0500000003R",29.38,2024-11-01,2024-11-01,35.5809550246122,258.408,"Real Average Hourly Earnings of All Employees, Total Private","2006-03-01","2024-10-01","2024 $","SA",2024-11-01,"Monthly","%",4.85367594575303,"CES0500000003R"
"174",2020-08-01,"CES0500000003R",29.48,2024-11-01,2024-11-01,35.570191143018,259.366,"Real Average Hourly Earnings of All Employees, Total Private","2006-03-01","2024-10-01","2024 $","SA",2024-11-01,"Monthly","%",4.79914681834341,"CES0500000003R"
"175",2020-09-01,"CES0500000003R",29.51,2024-11-01,2024-11-01,35.5262592834803,259.951,"Real Average Hourly Earnings of All Employees, Total Private","2006-03-01","2024-10-01","2024 $","SA",2024-11-01,"Monthly","%",4.75683351082712,"CES0500000003R"
"176",2020-10-01,"CES0500000003R",29.54,2024-11-01,2024-11-01,35.5216544847435,260.249,"Real Average Hourly Earnings of All Employees, Total Private","2006-03-01","2024-10-01","2024 $","SA",2024-11-01,"Monthly","%",4.64045341834927,"CES0500000003R"
"177",2020-11-01,"CES0500000003R",29.63,2024-11-01,2024-11-01,35.5416560340367,260.895,"Real Average Hourly Earnings of All Employees, Total Private","2006-03-01","2024-10-01","2024 $","SA",2024-11-01,"Monthly","%",4.51499118165783,"CES0500000003R"
"178",2020-12-01,"CES0500000003R",29.9,2024-11-01,2024-11-01,35.7135788629988,262.005,"Real Average Hourly Earnings of All Employees, Total Private","2006-03-01","2024-10-01","2024 $","SA",2024-11-01,"Monthly","%",5.39302079661614,"CES0500000003R"
"179",2021-01-01,"CES0500000003R",29.93,2024-11-01,2024-11-01,35.6795521107124,262.518,"Real Average Hourly Earnings of All Employees, Total Private","2006-03-01","2024-10-01","2024 $","SA",2024-11-01,"Monthly","%",5.23909985935302,"CES0500000003R"
"180",2021-02-01,"CES0500000003R",30.06,2024-11-01,2024-11-01,35.6897366749752,263.583,"Real Average Hourly Earnings of All Employees, Total Private","2006-03-01","2024-10-01","2024 $","SA",2024-11-01,"Monthly","%",5.28896672504378,"CES0500000003R"
"181",2021-03-01,"CES0500000003R",30.06,2024-11-01,2024-11-01,35.5109579177834,264.91,"Real Average Hourly Earnings of All Employees, Total Private","2006-03-01","2024-10-01","2024 $","SA",2024-11-01,"Monthly","%",4.48383733055266,"CES0500000003R"
"182",2021-04-01,"CES0500000003R",30.21,2024-11-01,2024-11-01,35.4417212129619,266.752,"Real Average Hourly Earnings of All Employees, Total Private","2006-03-01","2024-10-01","2024 $","SA",2024-11-01,"Monthly","%",0.666444518493825,"CES0500000003R"
"183",2021-05-01,"CES0500000003R",30.39,2024-11-01,2024-11-01,35.4271177081936,268.452,"Real Average Hourly Earnings of All Employees, Total Private","2006-03-01","2024-10-01","2024 $","SA",2024-11-01,"Monthly","%",2.25437415881562,"CES0500000003R"
"184",2021-06-01,"CES0500000003R",30.54,2024-11-01,2024-11-01,35.311023106139,270.664,"Real Average Hourly Earnings of All Employees, Total Private","2006-03-01","2024-10-01","2024 $","SA",2024-11-01,"Monthly","%",3.94826412525529,"CES0500000003R"
"185",2021-07-01,"CES0500000003R",30.65,2024-11-01,2024-11-01,35.2649213034111,271.994,"Real Average Hourly Earnings of All Employees, Total Private","2006-03-01","2024-10-01","2024 $","SA",2024-11-01,"Monthly","%",4.32266848196052,"CES0500000003R"
"186",2021-08-01,"CES0500000003R",30.77,2024-11-01,2024-11-01,35.299813148624,272.789,"Real Average Hourly Earnings of All Employees, Total Private","2006-03-01","2024-10-01","2024 $","SA",2024-11-01,"Monthly","%",4.37584803256446,"CES0500000003R"
"187",2021-09-01,"CES0500000003R",30.95,2024-11-01,2024-11-01,35.3639687717927,273.887,"Real Average Hourly Earnings of All Employees, Total Private","2006-03-01","2024-10-01","2024 $","SA",2024-11-01,"Monthly","%",4.87970179600135,"CES0500000003R"
"188",2021-10-01,"CES0500000003R",31.15,2024-11-01,2024-11-01,35.2645508692853,276.434,"Real Average Hourly Earnings of All Employees, Total Private","2006-03-01","2024-10-01","2024 $","SA",2024-11-01,"Monthly","%",5.45023696682465,"CES0500000003R"
"189",2021-11-01,"CES0500000003R",31.24,2024-11-01,2024-11-01,35.0664319025535,278.799,"Real Average Hourly Earnings of All Employees, Total Private","2006-03-01","2024-10-01","2024 $","SA",2024-11-01,"Monthly","%",5.43368207897401,"CES0500000003R"
"190",2021-12-01,"CES0500000003R",31.4,2024-11-01,2024-11-01,34.9938669126236,280.808,"Real Average Hourly Earnings of All Employees, Total Private","2006-03-01","2024-10-01","2024 $","SA",2024-11-01,"Monthly","%",5.01672240802675,"CES0500000003R"
"191",2022-01-01,"CES0500000003R",31.63,2024-11-01,2024-11-01,35.0527134494847,282.39,"Real Average Hourly Earnings of All Employees, Total Private","2006-03-01","2024-10-01","2024 $","SA",2024-11-01,"Monthly","%",5.67991981289675,"CES0500000003R"
"192",2022-02-01,"CES0500000003R",31.65,2024-11-01,2024-11-01,34.8104616479519,284.535,"Real Average Hourly Earnings of All Employees, Total Private","2006-03-01","2024-10-01","2024 $","SA",2024-11-01,"Monthly","%",5.28942115768463,"CES0500000003R"
"193",2022-03-01,"CES0500000003R",31.84,2024-11-01,2024-11-01,34.6518894534225,287.553,"Real Average Hourly Earnings of All Employees, Total Private","2006-03-01","2024-10-01","2024 $","SA",2024-11-01,"Monthly","%",5.92149035262808,"CES0500000003R"
"194",2022-04-01,"CES0500000003R",31.95,2024-11-01,2024-11-01,34.625780966464,288.764,"Real Average Hourly Earnings of All Employees, Total Private","2006-03-01","2024-10-01","2024 $","SA",2024-11-01,"Monthly","%",5.759682224429,"CES0500000003R"
"195",2022-05-01,"CES0500000003R",32.08,2024-11-01,2024-11-01,34.4570176860849,291.359,"Real Average Hourly Earnings of All Employees, Total Private","2006-03-01","2024-10-01","2024 $","SA",2024-11-01,"Monthly","%",5.56103981572884,"CES0500000003R"
"196",2022-06-01,"CES0500000003R",32.2,2024-11-01,2024-11-01,34.1595002644104,294.996,"Real Average Hourly Earnings of All Employees, Total Private","2006-03-01","2024-10-01","2024 $","SA",2024-11-01,"Monthly","%",5.43549443352982,"CES0500000003R"
"197",2022-07-01,"CES0500000003R",32.33,2024-11-01,2024-11-01,34.2996204483739,294.977,"Real Average Hourly Earnings of All Employees, Total Private","2006-03-01","2024-10-01","2024 $","SA",2024-11-01,"Monthly","%",5.48123980424144,"CES0500000003R"
"198",2022-08-01,"CES0500000003R",32.44,2024-11-01,2024-11-01,34.3892746765851,295.209,"Real Average Hourly Earnings of All Employees, Total Private","2006-03-01","2024-10-01","2024 $","SA",2024-11-01,"Monthly","%",5.4273643158921,"CES0500000003R"
"199",2022-09-01,"CES0500000003R",32.54,2024-11-01,2024-11-01,34.3635141880469,296.341,"Real Average Hourly Earnings of All Employees, Total Private","2006-03-01","2024-10-01","2024 $","SA",2024-11-01,"Monthly","%",5.13731825525041,"CES0500000003R"
"200",2022-10-01,"CES0500000003R",32.7,2024-11-01,2024-11-01,34.3560287447585,297.863,"Real Average Hourly Earnings of All Employees, Total Private","2006-03-01","2024-10-01","2024 $","SA",2024-11-01,"Monthly","%",4.97592295345106,"CES0500000003R"
"201",2022-11-01,"CES0500000003R",32.83,2024-11-01,2024-11-01,34.4019480826927,298.648,"Real Average Hourly Earnings of All Employees, Total Private","2006-03-01","2024-10-01","2024 $","SA",2024-11-01,"Monthly","%",5.08962868117797,"CES0500000003R"
"202",2022-12-01,"CES0500000003R",32.94,2024-11-01,2024-11-01,34.498270611622,298.812,"Real Average Hourly Earnings of All Employees, Total Private","2006-03-01","2024-10-01","2024 $","SA",2024-11-01,"Monthly","%",4.9044585987261,"CES0500000003R"
"203",2023-01-01,"CES0500000003R",33.07,2024-11-01,2024-11-01,34.4563798925275,300.356,"Real Average Hourly Earnings of All Employees, Total Private","2006-03-01","2024-10-01","2024 $","SA",2024-11-01,"Monthly","%",4.55263989883024,"CES0500000003R"
"204",2023-02-01,"CES0500000003R",33.15,2024-11-01,2024-11-01,34.4076503686457,301.509,"Real Average Hourly Earnings of All Employees, Total Private","2006-03-01","2024-10-01","2024 $","SA",2024-11-01,"Monthly","%",4.739336492891,"CES0500000003R"
"205",2023-03-01,"CES0500000003R",33.31,2024-11-01,2024-11-01,34.5467942593722,301.744,"Real Average Hourly Earnings of All Employees, Total Private","2006-03-01","2024-10-01","2024 $","SA",2024-11-01,"Monthly","%",4.61683417085428,"CES0500000003R"
"206",2023-04-01,"CES0500000003R",33.44,2024-11-01,2024-11-01,34.5342111988173,303.032,"Real Average Hourly Earnings of All Employees, Total Private","2006-03-01","2024-10-01","2024 $","SA",2024-11-01,"Monthly","%",4.66353677621283,"CES0500000003R"
"207",2023-05-01,"CES0500000003R",33.54,2024-11-01,2024-11-01,34.5994622253721,303.365,"Real Average Hourly Earnings of All Employees, Total Private","2006-03-01","2024-10-01","2024 $","SA",2024-11-01,"Monthly","%",4.55112219451372,"CES0500000003R"
"208",2023-06-01,"CES0500000003R",33.7,2024-11-01,2024-11-01,34.6915572872636,304.003,"Real Average Hourly Earnings of All Employees, Total Private","2006-03-01","2024-10-01","2024 $","SA",2024-11-01,"Monthly","%",4.65838509316769,"CES0500000003R"
"209",2023-07-01,"CES0500000003R",33.84,2024-11-01,2024-11-01,34.764204761217,304.628,"Real Average Hourly Earnings of All Employees, Total Private","2006-03-01","2024-10-01","2024 $","SA",2024-11-01,"Monthly","%",4.67058459635015,"CES0500000003R"
"210",2023-08-01,"CES0500000003R",33.91,2024-11-01,2024-11-01,34.6587428826175,306.187,"Real Average Hourly Earnings of All Employees, Total Private","2006-03-01","2024-10-01","2024 $","SA",2024-11-01,"Monthly","%",4.53144266337855,"CES0500000003R"
"211",2023-09-01,"CES0500000003R",34.01,2024-11-01,2024-11-01,34.6364038849548,307.288,"Real Average Hourly Earnings of All Employees, Total Private","2006-03-01","2024-10-01","2024 $","SA",2024-11-01,"Monthly","%",4.51751690227411,"CES0500000003R"
"212",2023-10-01,"CES0500000003R",34.1,2024-11-01,2024-11-01,34.7006206528773,307.531,"Real Average Hourly Earnings of All Employees, Total Private","2006-03-01","2024-10-01","2024 $","SA",2024-11-01,"Monthly","%",4.28134556574924,"CES0500000003R"
"213",2023-11-01,"CES0500000003R",34.23,2024-11-01,2024-11-01,34.7771594778329,308.024,"Real Average Hourly Earnings of All Employees, Total Private","2006-03-01","2024-10-01","2024 $","SA",2024-11-01,"Monthly","%",4.26439232409381,"CES0500000003R"
"214",2023-12-01,"CES0500000003R",34.34,2024-11-01,2024-11-01,34.8077813125522,308.742,"Real Average Hourly Earnings of All Employees, Total Private","2006-03-01","2024-10-01","2024 $","SA",2024-11-01,"Monthly","%",4.25015179113541,"CES0500000003R"
"215",2024-01-01,"CES0500000003R",34.51,2024-11-01,2024-11-01,34.8735816297205,309.685,"Real Average Hourly Earnings of All Employees, Total Private","2006-03-01","2024-10-01","2024 $","SA",2024-11-01,"Monthly","%",4.35439975808889,"CES0500000003R"
"216",2024-02-01,"CES0500000003R",34.56,2024-11-01,2024-11-01,34.7704016408727,311.054,"Real Average Hourly Earnings of All Employees, Total Private","2006-03-01","2024-10-01","2024 $","SA",2024-11-01,"Monthly","%",4.25339366515838,"CES0500000003R"
"217",2024-03-01,"CES0500000003R",34.69,2024-11-01,2024-11-01,34.7697393363866,312.23,"Real Average Hourly Earnings of All Employees, Total Private","2006-03-01","2024-10-01","2024 $","SA",2024-11-01,"Monthly","%",4.142900030021,"CES0500000003R"
"218",2024-04-01,"CES0500000003R",34.75,2024-11-01,2024-11-01,34.7212309271504,313.207,"Real Average Hourly Earnings of All Employees, Total Private","2006-03-01","2024-10-01","2024 $","SA",2024-11-01,"Monthly","%",3.91746411483254,"CES0500000003R"
"219",2024-05-01,"CES0500000003R",34.88,2024-11-01,2024-11-01,34.8491205235853,313.225,"Real Average Hourly Earnings of All Employees, Total Private","2006-03-01","2024-10-01","2024 $","SA",2024-11-01,"Monthly","%",3.99522957662493,"CES0500000003R"
"220",2024-06-01,"CES0500000003R",34.99,2024-11-01,2024-11-01,34.9786775329102,313.049,"Real Average Hourly Earnings of All Employees, Total Private","2006-03-01","2024-10-01","2024 $","SA",2024-11-01,"Monthly","%",3.82789317507417,"CES0500000003R"
"221",2024-07-01,"CES0500000003R",35.07,2024-11-01,2024-11-01,35.0044200597064,313.534,"Real Average Hourly Earnings of All Employees, Total Private","2006-03-01","2024-10-01","2024 $","SA",2024-11-01,"Monthly","%",3.63475177304964,"CES0500000003R"
"222",2024-08-01,"CES0500000003R",35.22,2024-11-01,2024-11-01,35.0884467896129,314.121,"Real Average Hourly Earnings of All Employees, Total Private","2006-03-01","2024-10-01","2024 $","SA",2024-11-01,"Monthly","%",3.86316720731348,"CES0500000003R"
"223",2024-09-01,"CES0500000003R",35.33,2024-11-01,2024-11-01,35.1348399388597,314.686,"Real Average Hourly Earnings of All Employees, Total Private","2006-03-01","2024-10-01","2024 $","SA",2024-11-01,"Monthly","%",3.88121140840929,"CES0500000003R"
"224",2024-10-01,"CES0500000003R",35.46,2024-11-01,2024-11-01,35.2641218293791,314.686,"Real Average Hourly Earnings of All Employees, Total Private","2006-03-01","2024-10-01","2024 $","SA",2024-11-01,"Monthly","%",3.9882697947214,"CES0500000003R"
