"","date","series_id","value","realtime_start","realtime_end","level","title","observation_start","observation_end","units_short","seasonal_adjustment_short","last_updated","frequency","corr_units_short","corr_value","sid1"
"1",1992-01-01,"RSAFS",159177,2025-06-24,2025-06-24,159177,"Advance Retail Sales: Retail Trade and Food Services","1992-01-01","2025-05-01","Mil. of $","SA",2025-06-17,"Monthly","%",NA,"RSAFS"
"2",1992-02-01,"RSAFS",159189,2025-06-24,2025-06-24,159189,"Advance Retail Sales: Retail Trade and Food Services","1992-01-01","2025-05-01","Mil. of $","SA",2025-06-17,"Monthly","%",NA,"RSAFS"
"3",1992-03-01,"RSAFS",158647,2025-06-24,2025-06-24,158647,"Advance Retail Sales: Retail Trade and Food Services","1992-01-01","2025-05-01","Mil. of $","SA",2025-06-17,"Monthly","%",NA,"RSAFS"
"4",1992-04-01,"RSAFS",159921,2025-06-24,2025-06-24,159921,"Advance Retail Sales: Retail Trade and Food Services","1992-01-01","2025-05-01","Mil. of $","SA",2025-06-17,"Monthly","%",NA,"RSAFS"
"5",1992-05-01,"RSAFS",160471,2025-06-24,2025-06-24,160471,"Advance Retail Sales: Retail Trade and Food Services","1992-01-01","2025-05-01","Mil. of $","SA",2025-06-17,"Monthly","%",NA,"RSAFS"
"6",1992-06-01,"RSAFS",161205,2025-06-24,2025-06-24,161205,"Advance Retail Sales: Retail Trade and Food Services","1992-01-01","2025-05-01","Mil. of $","SA",2025-06-17,"Monthly","%",NA,"RSAFS"
"7",1992-07-01,"RSAFS",162855,2025-06-24,2025-06-24,162855,"Advance Retail Sales: Retail Trade and Food Services","1992-01-01","2025-05-01","Mil. of $","SA",2025-06-17,"Monthly","%",NA,"RSAFS"
"8",1992-08-01,"RSAFS",162412,2025-06-24,2025-06-24,162412,"Advance Retail Sales: Retail Trade and Food Services","1992-01-01","2025-05-01","Mil. of $","SA",2025-06-17,"Monthly","%",NA,"RSAFS"
"9",1992-09-01,"RSAFS",164361,2025-06-24,2025-06-24,164361,"Advance Retail Sales: Retail Trade and Food Services","1992-01-01","2025-05-01","Mil. of $","SA",2025-06-17,"Monthly","%",NA,"RSAFS"
"10",1992-10-01,"RSAFS",166063,2025-06-24,2025-06-24,166063,"Advance Retail Sales: Retail Trade and Food Services","1992-01-01","2025-05-01","Mil. of $","SA",2025-06-17,"Monthly","%",NA,"RSAFS"
"11",1992-11-01,"RSAFS",166124,2025-06-24,2025-06-24,166124,"Advance Retail Sales: Retail Trade and Food Services","1992-01-01","2025-05-01","Mil. of $","SA",2025-06-17,"Monthly","%",NA,"RSAFS"
"12",1992-12-01,"RSAFS",167691,2025-06-24,2025-06-24,167691,"Advance Retail Sales: Retail Trade and Food Services","1992-01-01","2025-05-01","Mil. of $","SA",2025-06-17,"Monthly","%",NA,"RSAFS"
"13",1993-01-01,"RSAFS",169500,2025-06-24,2025-06-24,169500,"Advance Retail Sales: Retail Trade and Food Services","1992-01-01","2025-05-01","Mil. of $","SA",2025-06-17,"Monthly","%",6.48523341940104,"RSAFS"
"14",1993-02-01,"RSAFS",168840,2025-06-24,2025-06-24,168840,"Advance Retail Sales: Retail Trade and Food Services","1992-01-01","2025-05-01","Mil. of $","SA",2025-06-17,"Monthly","%",6.06260482822305,"RSAFS"
"15",1993-03-01,"RSAFS",167682,2025-06-24,2025-06-24,167682,"Advance Retail Sales: Retail Trade and Food Services","1992-01-01","2025-05-01","Mil. of $","SA",2025-06-17,"Monthly","%",5.69503362811776,"RSAFS"
"16",1993-04-01,"RSAFS",172102,2025-06-24,2025-06-24,172102,"Advance Retail Sales: Retail Trade and Food Services","1992-01-01","2025-05-01","Mil. of $","SA",2025-06-17,"Monthly","%",7.6168858373822,"RSAFS"
"17",1993-05-01,"RSAFS",172960,2025-06-24,2025-06-24,172960,"Advance Retail Sales: Retail Trade and Food Services","1992-01-01","2025-05-01","Mil. of $","SA",2025-06-17,"Monthly","%",7.78271463379676,"RSAFS"
"18",1993-06-01,"RSAFS",173018,2025-06-24,2025-06-24,173018,"Advance Retail Sales: Retail Trade and Food Services","1992-01-01","2025-05-01","Mil. of $","SA",2025-06-17,"Monthly","%",7.32793647839707,"RSAFS"
"19",1993-07-01,"RSAFS",175822,2025-06-24,2025-06-24,175822,"Advance Retail Sales: Retail Trade and Food Services","1992-01-01","2025-05-01","Mil. of $","SA",2025-06-17,"Monthly","%",7.96229774953179,"RSAFS"
"20",1993-08-01,"RSAFS",175233,2025-06-24,2025-06-24,175233,"Advance Retail Sales: Retail Trade and Food Services","1992-01-01","2025-05-01","Mil. of $","SA",2025-06-17,"Monthly","%",7.89412112405488,"RSAFS"
"21",1993-09-01,"RSAFS",176608,2025-06-24,2025-06-24,176608,"Advance Retail Sales: Retail Trade and Food Services","1992-01-01","2025-05-01","Mil. of $","SA",2025-06-17,"Monthly","%",7.45128102165356,"RSAFS"
"22",1993-10-01,"RSAFS",177588,2025-06-24,2025-06-24,177588,"Advance Retail Sales: Retail Trade and Food Services","1992-01-01","2025-05-01","Mil. of $","SA",2025-06-17,"Monthly","%",6.94013717685458,"RSAFS"
"23",1993-11-01,"RSAFS",179758,2025-06-24,2025-06-24,179758,"Advance Retail Sales: Retail Trade and Food Services","1992-01-01","2025-05-01","Mil. of $","SA",2025-06-17,"Monthly","%",8.20712239050347,"RSAFS"
"24",1993-12-01,"RSAFS",181077,2025-06-24,2025-06-24,181077,"Advance Retail Sales: Retail Trade and Food Services","1992-01-01","2025-05-01","Mil. of $","SA",2025-06-17,"Monthly","%",7.98253931337998,"RSAFS"
"25",1994-01-01,"RSAFS",179615,2025-06-24,2025-06-24,179615,"Advance Retail Sales: Retail Trade and Food Services","1992-01-01","2025-05-01","Mil. of $","SA",2025-06-17,"Monthly","%",5.96755162241889,"RSAFS"
"26",1994-02-01,"RSAFS",183101,2025-06-24,2025-06-24,183101,"Advance Retail Sales: Retail Trade and Food Services","1992-01-01","2025-05-01","Mil. of $","SA",2025-06-17,"Monthly","%",8.44645818526415,"RSAFS"
"27",1994-03-01,"RSAFS",186721,2025-06-24,2025-06-24,186721,"Advance Retail Sales: Retail Trade and Food Services","1992-01-01","2025-05-01","Mil. of $","SA",2025-06-17,"Monthly","%",11.3542300306533,"RSAFS"
"28",1994-04-01,"RSAFS",186423,2025-06-24,2025-06-24,186423,"Advance Retail Sales: Retail Trade and Food Services","1992-01-01","2025-05-01","Mil. of $","SA",2025-06-17,"Monthly","%",8.32122810891216,"RSAFS"
"29",1994-05-01,"RSAFS",185616,2025-06-24,2025-06-24,185616,"Advance Retail Sales: Retail Trade and Food Services","1992-01-01","2025-05-01","Mil. of $","SA",2025-06-17,"Monthly","%",7.31729879740981,"RSAFS"
"30",1994-06-01,"RSAFS",187800,2025-06-24,2025-06-24,187800,"Advance Retail Sales: Retail Trade and Food Services","1992-01-01","2025-05-01","Mil. of $","SA",2025-06-17,"Monthly","%",8.5436197389867,"RSAFS"
"31",1994-07-01,"RSAFS",188062,2025-06-24,2025-06-24,188062,"Advance Retail Sales: Retail Trade and Food Services","1992-01-01","2025-05-01","Mil. of $","SA",2025-06-17,"Monthly","%",6.96158614962861,"RSAFS"
"32",1994-08-01,"RSAFS",190771,2025-06-24,2025-06-24,190771,"Advance Retail Sales: Retail Trade and Food Services","1992-01-01","2025-05-01","Mil. of $","SA",2025-06-17,"Monthly","%",8.86705129741545,"RSAFS"
"33",1994-09-01,"RSAFS",192585,2025-06-24,2025-06-24,192585,"Advance Retail Sales: Retail Trade and Food Services","1992-01-01","2025-05-01","Mil. of $","SA",2025-06-17,"Monthly","%",9.04658905598841,"RSAFS"
"34",1994-10-01,"RSAFS",193914,2025-06-24,2025-06-24,193914,"Advance Retail Sales: Retail Trade and Food Services","1992-01-01","2025-05-01","Mil. of $","SA",2025-06-17,"Monthly","%",9.19318872896817,"RSAFS"
"35",1994-11-01,"RSAFS",194425,2025-06-24,2025-06-24,194425,"Advance Retail Sales: Retail Trade and Food Services","1992-01-01","2025-05-01","Mil. of $","SA",2025-06-17,"Monthly","%",8.15930306300694,"RSAFS"
"36",1994-12-01,"RSAFS",194939,2025-06-24,2025-06-24,194939,"Advance Retail Sales: Retail Trade and Food Services","1992-01-01","2025-05-01","Mil. of $","SA",2025-06-17,"Monthly","%",7.6553068584083,"RSAFS"
"37",1995-01-01,"RSAFS",195908,2025-06-24,2025-06-24,195908,"Advance Retail Sales: Retail Trade and Food Services","1992-01-01","2025-05-01","Mil. of $","SA",2025-06-17,"Monthly","%",9.07106867466525,"RSAFS"
"38",1995-02-01,"RSAFS",193068,2025-06-24,2025-06-24,193068,"Advance Retail Sales: Retail Trade and Food Services","1992-01-01","2025-05-01","Mil. of $","SA",2025-06-17,"Monthly","%",5.44344378239332,"RSAFS"
"39",1995-03-01,"RSAFS",195179,2025-06-24,2025-06-24,195179,"Advance Retail Sales: Retail Trade and Food Services","1992-01-01","2025-05-01","Mil. of $","SA",2025-06-17,"Monthly","%",4.52975294691009,"RSAFS"
"40",1995-04-01,"RSAFS",195310,2025-06-24,2025-06-24,195310,"Advance Retail Sales: Retail Trade and Food Services","1992-01-01","2025-05-01","Mil. of $","SA",2025-06-17,"Monthly","%",4.76711564560166,"RSAFS"
"41",1995-05-01,"RSAFS",198060,2025-06-24,2025-06-24,198060,"Advance Retail Sales: Retail Trade and Food Services","1992-01-01","2025-05-01","Mil. of $","SA",2025-06-17,"Monthly","%",6.70416343418672,"RSAFS"
"42",1995-06-01,"RSAFS",200383,2025-06-24,2025-06-24,200383,"Advance Retail Sales: Retail Trade and Food Services","1992-01-01","2025-05-01","Mil. of $","SA",2025-06-17,"Monthly","%",6.70021299254526,"RSAFS"
"43",1995-07-01,"RSAFS",199110,2025-06-24,2025-06-24,199110,"Advance Retail Sales: Retail Trade and Food Services","1992-01-01","2025-05-01","Mil. of $","SA",2025-06-17,"Monthly","%",5.87465835735024,"RSAFS"
"44",1995-08-01,"RSAFS",201078,2025-06-24,2025-06-24,201078,"Advance Retail Sales: Retail Trade and Food Services","1992-01-01","2025-05-01","Mil. of $","SA",2025-06-17,"Monthly","%",5.40281279649422,"RSAFS"
"45",1995-09-01,"RSAFS",201337,2025-06-24,2025-06-24,201337,"Advance Retail Sales: Retail Trade and Food Services","1992-01-01","2025-05-01","Mil. of $","SA",2025-06-17,"Monthly","%",4.54448684996236,"RSAFS"
"46",1995-10-01,"RSAFS",200597,2025-06-24,2025-06-24,200597,"Advance Retail Sales: Retail Trade and Food Services","1992-01-01","2025-05-01","Mil. of $","SA",2025-06-17,"Monthly","%",3.44637313448231,"RSAFS"
"47",1995-11-01,"RSAFS",203545,2025-06-24,2025-06-24,203545,"Advance Retail Sales: Retail Trade and Food Services","1992-01-01","2025-05-01","Mil. of $","SA",2025-06-17,"Monthly","%",4.69075478976468,"RSAFS"
"48",1995-12-01,"RSAFS",204032,2025-06-24,2025-06-24,204032,"Advance Retail Sales: Retail Trade and Food Services","1992-01-01","2025-05-01","Mil. of $","SA",2025-06-17,"Monthly","%",4.6645360856473,"RSAFS"
"49",1996-01-01,"RSAFS",203793,2025-06-24,2025-06-24,203793,"Advance Retail Sales: Retail Trade and Food Services","1992-01-01","2025-05-01","Mil. of $","SA",2025-06-17,"Monthly","%",4.02484839822774,"RSAFS"
"50",1996-02-01,"RSAFS",206875,2025-06-24,2025-06-24,206875,"Advance Retail Sales: Retail Trade and Food Services","1992-01-01","2025-05-01","Mil. of $","SA",2025-06-17,"Monthly","%",7.15136635796714,"RSAFS"
"51",1996-03-01,"RSAFS",207650,2025-06-24,2025-06-24,207650,"Advance Retail Sales: Retail Trade and Food Services","1992-01-01","2025-05-01","Mil. of $","SA",2025-06-17,"Monthly","%",6.38951936427588,"RSAFS"
"52",1996-04-01,"RSAFS",209294,2025-06-24,2025-06-24,209294,"Advance Retail Sales: Retail Trade and Food Services","1992-01-01","2025-05-01","Mil. of $","SA",2025-06-17,"Monthly","%",7.15989964671548,"RSAFS"
"53",1996-05-01,"RSAFS",211157,2025-06-24,2025-06-24,211157,"Advance Retail Sales: Retail Trade and Food Services","1992-01-01","2025-05-01","Mil. of $","SA",2025-06-17,"Monthly","%",6.6126426335454,"RSAFS"
"54",1996-06-01,"RSAFS",209474,2025-06-24,2025-06-24,209474,"Advance Retail Sales: Retail Trade and Food Services","1992-01-01","2025-05-01","Mil. of $","SA",2025-06-17,"Monthly","%",4.53681200501042,"RSAFS"
"55",1996-07-01,"RSAFS",210827,2025-06-24,2025-06-24,210827,"Advance Retail Sales: Retail Trade and Food Services","1992-01-01","2025-05-01","Mil. of $","SA",2025-06-17,"Monthly","%",5.88468685651147,"RSAFS"
"56",1996-08-01,"RSAFS",210846,2025-06-24,2025-06-24,210846,"Advance Retail Sales: Retail Trade and Food Services","1992-01-01","2025-05-01","Mil. of $","SA",2025-06-17,"Monthly","%",4.85781636976697,"RSAFS"
"57",1996-09-01,"RSAFS",213233,2025-06-24,2025-06-24,213233,"Advance Retail Sales: Retail Trade and Food Services","1992-01-01","2025-05-01","Mil. of $","SA",2025-06-17,"Monthly","%",5.90850166636039,"RSAFS"
"58",1996-10-01,"RSAFS",215526,2025-06-24,2025-06-24,215526,"Advance Retail Sales: Retail Trade and Food Services","1992-01-01","2025-05-01","Mil. of $","SA",2025-06-17,"Monthly","%",7.4422847799319,"RSAFS"
"59",1996-11-01,"RSAFS",215167,2025-06-24,2025-06-24,215167,"Advance Retail Sales: Retail Trade and Food Services","1992-01-01","2025-05-01","Mil. of $","SA",2025-06-17,"Monthly","%",5.70979390306812,"RSAFS"
"60",1996-12-01,"RSAFS",215690,2025-06-24,2025-06-24,215690,"Advance Retail Sales: Retail Trade and Food Services","1992-01-01","2025-05-01","Mil. of $","SA",2025-06-17,"Monthly","%",5.71380959849435,"RSAFS"
"61",1997-01-01,"RSAFS",218124,2025-06-24,2025-06-24,218124,"Advance Retail Sales: Retail Trade and Food Services","1992-01-01","2025-05-01","Mil. of $","SA",2025-06-17,"Monthly","%",7.03213554930739,"RSAFS"
"62",1997-02-01,"RSAFS",219587,2025-06-24,2025-06-24,219587,"Advance Retail Sales: Retail Trade and Food Services","1992-01-01","2025-05-01","Mil. of $","SA",2025-06-17,"Monthly","%",6.14477341389728,"RSAFS"
"63",1997-03-01,"RSAFS",221189,2025-06-24,2025-06-24,221189,"Advance Retail Sales: Retail Trade and Food Services","1992-01-01","2025-05-01","Mil. of $","SA",2025-06-17,"Monthly","%",6.52010594750783,"RSAFS"
"64",1997-04-01,"RSAFS",217925,2025-06-24,2025-06-24,217925,"Advance Retail Sales: Retail Trade and Food Services","1992-01-01","2025-05-01","Mil. of $","SA",2025-06-17,"Monthly","%",4.12386403814728,"RSAFS"
"65",1997-05-01,"RSAFS",217771,2025-06-24,2025-06-24,217771,"Advance Retail Sales: Retail Trade and Food Services","1992-01-01","2025-05-01","Mil. of $","SA",2025-06-17,"Monthly","%",3.13226651259488,"RSAFS"
"66",1997-06-01,"RSAFS",220233,2025-06-24,2025-06-24,220233,"Advance Retail Sales: Retail Trade and Food Services","1992-01-01","2025-05-01","Mil. of $","SA",2025-06-17,"Monthly","%",5.13619828713827,"RSAFS"
"67",1997-07-01,"RSAFS",222985,2025-06-24,2025-06-24,222985,"Advance Retail Sales: Retail Trade and Food Services","1992-01-01","2025-05-01","Mil. of $","SA",2025-06-17,"Monthly","%",5.76681354854929,"RSAFS"
"68",1997-08-01,"RSAFS",223120,2025-06-24,2025-06-24,223120,"Advance Retail Sales: Retail Trade and Food Services","1992-01-01","2025-05-01","Mil. of $","SA",2025-06-17,"Monthly","%",5.82131034024833,"RSAFS"
"69",1997-09-01,"RSAFS",224509,2025-06-24,2025-06-24,224509,"Advance Retail Sales: Retail Trade and Food Services","1992-01-01","2025-05-01","Mil. of $","SA",2025-06-17,"Monthly","%",5.28811206520567,"RSAFS"
"70",1997-10-01,"RSAFS",224300,2025-06-24,2025-06-24,224300,"Advance Retail Sales: Retail Trade and Food Services","1992-01-01","2025-05-01","Mil. of $","SA",2025-06-17,"Monthly","%",4.0709705557566,"RSAFS"
"71",1997-11-01,"RSAFS",223718,2025-06-24,2025-06-24,223718,"Advance Retail Sales: Retail Trade and Food Services","1992-01-01","2025-05-01","Mil. of $","SA",2025-06-17,"Monthly","%",3.97412242583668,"RSAFS"
"72",1997-12-01,"RSAFS",225236,2025-06-24,2025-06-24,225236,"Advance Retail Sales: Retail Trade and Food Services","1992-01-01","2025-05-01","Mil. of $","SA",2025-06-17,"Monthly","%",4.42579628170059,"RSAFS"
"73",1998-01-01,"RSAFS",225954,2025-06-24,2025-06-24,225954,"Advance Retail Sales: Retail Trade and Food Services","1992-01-01","2025-05-01","Mil. of $","SA",2025-06-17,"Monthly","%",3.58970127083678,"RSAFS"
"74",1998-02-01,"RSAFS",225746,2025-06-24,2025-06-24,225746,"Advance Retail Sales: Retail Trade and Food Services","1992-01-01","2025-05-01","Mil. of $","SA",2025-06-17,"Monthly","%",2.80481084945829,"RSAFS"
"75",1998-03-01,"RSAFS",226889,2025-06-24,2025-06-24,226889,"Advance Retail Sales: Retail Trade and Food Services","1992-01-01","2025-05-01","Mil. of $","SA",2025-06-17,"Monthly","%",2.57698167630398,"RSAFS"
"76",1998-04-01,"RSAFS",230409,2025-06-24,2025-06-24,230409,"Advance Retail Sales: Retail Trade and Food Services","1992-01-01","2025-05-01","Mil. of $","SA",2025-06-17,"Monthly","%",5.72857634507284,"RSAFS"
"77",1998-05-01,"RSAFS",230995,2025-06-24,2025-06-24,230995,"Advance Retail Sales: Retail Trade and Food Services","1992-01-01","2025-05-01","Mil. of $","SA",2025-06-17,"Monthly","%",6.07243388697301,"RSAFS"
"78",1998-06-01,"RSAFS",233207,2025-06-24,2025-06-24,233207,"Advance Retail Sales: Retail Trade and Food Services","1992-01-01","2025-05-01","Mil. of $","SA",2025-06-17,"Monthly","%",5.89103358715541,"RSAFS"
"79",1998-07-01,"RSAFS",231551,2025-06-24,2025-06-24,231551,"Advance Retail Sales: Retail Trade and Food Services","1992-01-01","2025-05-01","Mil. of $","SA",2025-06-17,"Monthly","%",3.84151400318407,"RSAFS"
"80",1998-08-01,"RSAFS",229792,2025-06-24,2025-06-24,229792,"Advance Retail Sales: Retail Trade and Food Services","1992-01-01","2025-05-01","Mil. of $","SA",2025-06-17,"Monthly","%",2.99031911079239,"RSAFS"
"81",1998-09-01,"RSAFS",232308,2025-06-24,2025-06-24,232308,"Advance Retail Sales: Retail Trade and Food Services","1992-01-01","2025-05-01","Mil. of $","SA",2025-06-17,"Monthly","%",3.47380283195773,"RSAFS"
"82",1998-10-01,"RSAFS",236174,2025-06-24,2025-06-24,236174,"Advance Retail Sales: Retail Trade and Food Services","1992-01-01","2025-05-01","Mil. of $","SA",2025-06-17,"Monthly","%",5.29380294248774,"RSAFS"
"83",1998-11-01,"RSAFS",237592,2025-06-24,2025-06-24,237592,"Advance Retail Sales: Retail Trade and Food Services","1992-01-01","2025-05-01","Mil. of $","SA",2025-06-17,"Monthly","%",6.20155731769461,"RSAFS"
"84",1998-12-01,"RSAFS",240140,2025-06-24,2025-06-24,240140,"Advance Retail Sales: Retail Trade and Food Services","1992-01-01","2025-05-01","Mil. of $","SA",2025-06-17,"Monthly","%",6.6170594398764,"RSAFS"
"85",1999-01-01,"RSAFS",240269,2025-06-24,2025-06-24,240269,"Advance Retail Sales: Retail Trade and Food Services","1992-01-01","2025-05-01","Mil. of $","SA",2025-06-17,"Monthly","%",6.33536029457322,"RSAFS"
"86",1999-02-01,"RSAFS",243346,2025-06-24,2025-06-24,243346,"Advance Retail Sales: Retail Trade and Food Services","1992-01-01","2025-05-01","Mil. of $","SA",2025-06-17,"Monthly","%",7.79637291469173,"RSAFS"
"87",1999-03-01,"RSAFS",244687,2025-06-24,2025-06-24,244687,"Advance Retail Sales: Retail Trade and Food Services","1992-01-01","2025-05-01","Mil. of $","SA",2025-06-17,"Monthly","%",7.844364424895,"RSAFS"
"88",1999-04-01,"RSAFS",246628,2025-06-24,2025-06-24,246628,"Advance Retail Sales: Retail Trade and Food Services","1992-01-01","2025-05-01","Mil. of $","SA",2025-06-17,"Monthly","%",7.03922155818566,"RSAFS"
"89",1999-05-01,"RSAFS",248367,2025-06-24,2025-06-24,248367,"Advance Retail Sales: Retail Trade and Food Services","1992-01-01","2025-05-01","Mil. of $","SA",2025-06-17,"Monthly","%",7.52050910192861,"RSAFS"
"90",1999-06-01,"RSAFS",249329,2025-06-24,2025-06-24,249329,"Advance Retail Sales: Retail Trade and Food Services","1992-01-01","2025-05-01","Mil. of $","SA",2025-06-17,"Monthly","%",6.91317156003035,"RSAFS"
"91",1999-07-01,"RSAFS",251263,2025-06-24,2025-06-24,251263,"Advance Retail Sales: Retail Trade and Food Services","1992-01-01","2025-05-01","Mil. of $","SA",2025-06-17,"Monthly","%",8.51302736762096,"RSAFS"
"92",1999-08-01,"RSAFS",253844,2025-06-24,2025-06-24,253844,"Advance Retail Sales: Retail Trade and Food Services","1992-01-01","2025-05-01","Mil. of $","SA",2025-06-17,"Monthly","%",10.466856983707,"RSAFS"
"93",1999-09-01,"RSAFS",255029,2025-06-24,2025-06-24,255029,"Advance Retail Sales: Retail Trade and Food Services","1992-01-01","2025-05-01","Mil. of $","SA",2025-06-17,"Monthly","%",9.78054995953648,"RSAFS"
"94",1999-10-01,"RSAFS",254816,2025-06-24,2025-06-24,254816,"Advance Retail Sales: Retail Trade and Food Services","1992-01-01","2025-05-01","Mil. of $","SA",2025-06-17,"Monthly","%",7.89333288168892,"RSAFS"
"95",1999-11-01,"RSAFS",258133,2025-06-24,2025-06-24,258133,"Advance Retail Sales: Retail Trade and Food Services","1992-01-01","2025-05-01","Mil. of $","SA",2025-06-17,"Monthly","%",8.64549311424627,"RSAFS"
"96",1999-12-01,"RSAFS",263311,2025-06-24,2025-06-24,263311,"Advance Retail Sales: Retail Trade and Food Services","1992-01-01","2025-05-01","Mil. of $","SA",2025-06-17,"Monthly","%",9.64895477638044,"RSAFS"
"97",2000-01-01,"RSAFS",261545,2025-06-24,2025-06-24,261545,"Advance Retail Sales: Retail Trade and Food Services","1992-01-01","2025-05-01","Mil. of $","SA",2025-06-17,"Monthly","%",8.85507493684163,"RSAFS"
"98",2000-02-01,"RSAFS",265686,2025-06-24,2025-06-24,265686,"Advance Retail Sales: Retail Trade and Food Services","1992-01-01","2025-05-01","Mil. of $","SA",2025-06-17,"Monthly","%",9.18034403688575,"RSAFS"
"99",2000-03-01,"RSAFS",269019,2025-06-24,2025-06-24,269019,"Advance Retail Sales: Retail Trade and Food Services","1992-01-01","2025-05-01","Mil. of $","SA",2025-06-17,"Monthly","%",9.94413270831716,"RSAFS"
"100",2000-04-01,"RSAFS",264067,2025-06-24,2025-06-24,264067,"Advance Retail Sales: Retail Trade and Food Services","1992-01-01","2025-05-01","Mil. of $","SA",2025-06-17,"Monthly","%",7.07097328770456,"RSAFS"
"101",2000-05-01,"RSAFS",265992,2025-06-24,2025-06-24,265992,"Advance Retail Sales: Retail Trade and Food Services","1992-01-01","2025-05-01","Mil. of $","SA",2025-06-17,"Monthly","%",7.09635338027998,"RSAFS"
"102",2000-06-01,"RSAFS",267750,2025-06-24,2025-06-24,267750,"Advance Retail Sales: Retail Trade and Food Services","1992-01-01","2025-05-01","Mil. of $","SA",2025-06-17,"Monthly","%",7.38823000934508,"RSAFS"
"103",2000-07-01,"RSAFS",265683,2025-06-24,2025-06-24,265683,"Advance Retail Sales: Retail Trade and Food Services","1992-01-01","2025-05-01","Mil. of $","SA",2025-06-17,"Monthly","%",5.73900653896515,"RSAFS"
"104",2000-08-01,"RSAFS",266885,2025-06-24,2025-06-24,266885,"Advance Retail Sales: Retail Trade and Food Services","1992-01-01","2025-05-01","Mil. of $","SA",2025-06-17,"Monthly","%",5.13740722648557,"RSAFS"
"105",2000-09-01,"RSAFS",270523,2025-06-24,2025-06-24,270523,"Advance Retail Sales: Retail Trade and Food Services","1992-01-01","2025-05-01","Mil. of $","SA",2025-06-17,"Monthly","%",6.07538750495042,"RSAFS"
"106",2000-10-01,"RSAFS",270339,2025-06-24,2025-06-24,270339,"Advance Retail Sales: Retail Trade and Food Services","1992-01-01","2025-05-01","Mil. of $","SA",2025-06-17,"Monthly","%",6.09184666582947,"RSAFS"
"107",2000-11-01,"RSAFS",268850,2025-06-24,2025-06-24,268850,"Advance Retail Sales: Retail Trade and Food Services","1992-01-01","2025-05-01","Mil. of $","SA",2025-06-17,"Monthly","%",4.15173573312981,"RSAFS"
"108",2000-12-01,"RSAFS",268338,2025-06-24,2025-06-24,268338,"Advance Retail Sales: Retail Trade and Food Services","1992-01-01","2025-05-01","Mil. of $","SA",2025-06-17,"Monthly","%",1.90914925696231,"RSAFS"
"109",2001-01-01,"RSAFS",272881,2025-06-24,2025-06-24,272881,"Advance Retail Sales: Retail Trade and Food Services","1992-01-01","2025-05-01","Mil. of $","SA",2025-06-17,"Monthly","%",4.33424458506184,"RSAFS"
"110",2001-02-01,"RSAFS",272627,2025-06-24,2025-06-24,272627,"Advance Retail Sales: Retail Trade and Food Services","1992-01-01","2025-05-01","Mil. of $","SA",2025-06-17,"Monthly","%",2.61248240404086,"RSAFS"
"111",2001-03-01,"RSAFS",269820,2025-06-24,2025-06-24,269820,"Advance Retail Sales: Retail Trade and Food Services","1992-01-01","2025-05-01","Mil. of $","SA",2025-06-17,"Monthly","%",0.297748486166394,"RSAFS"
"112",2001-04-01,"RSAFS",274410,2025-06-24,2025-06-24,274410,"Advance Retail Sales: Retail Trade and Food Services","1992-01-01","2025-05-01","Mil. of $","SA",2025-06-17,"Monthly","%",3.91680899165743,"RSAFS"
"113",2001-05-01,"RSAFS",275769,2025-06-24,2025-06-24,275769,"Advance Retail Sales: Retail Trade and Food Services","1992-01-01","2025-05-01","Mil. of $","SA",2025-06-17,"Monthly","%",3.67567445637462,"RSAFS"
"114",2001-06-01,"RSAFS",274474,2025-06-24,2025-06-24,274474,"Advance Retail Sales: Retail Trade and Food Services","1992-01-01","2025-05-01","Mil. of $","SA",2025-06-17,"Monthly","%",2.51129785247433,"RSAFS"
"115",2001-07-01,"RSAFS",273098,2025-06-24,2025-06-24,273098,"Advance Retail Sales: Retail Trade and Food Services","1992-01-01","2025-05-01","Mil. of $","SA",2025-06-17,"Monthly","%",2.79092000617276,"RSAFS"
"116",2001-08-01,"RSAFS",275659,2025-06-24,2025-06-24,275659,"Advance Retail Sales: Retail Trade and Food Services","1992-01-01","2025-05-01","Mil. of $","SA",2025-06-17,"Monthly","%",3.28755831163234,"RSAFS"
"117",2001-09-01,"RSAFS",268652,2025-06-24,2025-06-24,268652,"Advance Retail Sales: Retail Trade and Food Services","1992-01-01","2025-05-01","Mil. of $","SA",2025-06-17,"Monthly","%",-0.691623263086683,"RSAFS"
"118",2001-10-01,"RSAFS",288632,2025-06-24,2025-06-24,288632,"Advance Retail Sales: Retail Trade and Food Services","1992-01-01","2025-05-01","Mil. of $","SA",2025-06-17,"Monthly","%",6.76668923092858,"RSAFS"
"119",2001-11-01,"RSAFS",280033,2025-06-24,2025-06-24,280033,"Advance Retail Sales: Retail Trade and Food Services","1992-01-01","2025-05-01","Mil. of $","SA",2025-06-17,"Monthly","%",4.15956853263901,"RSAFS"
"120",2001-12-01,"RSAFS",276302,2025-06-24,2025-06-24,276302,"Advance Retail Sales: Retail Trade and Food Services","1992-01-01","2025-05-01","Mil. of $","SA",2025-06-17,"Monthly","%",2.96789869492953,"RSAFS"
"121",2002-01-01,"RSAFS",277135,2025-06-24,2025-06-24,277135,"Advance Retail Sales: Retail Trade and Food Services","1992-01-01","2025-05-01","Mil. of $","SA",2025-06-17,"Monthly","%",1.55892128803399,"RSAFS"
"122",2002-02-01,"RSAFS",278869,2025-06-24,2025-06-24,278869,"Advance Retail Sales: Retail Trade and Food Services","1992-01-01","2025-05-01","Mil. of $","SA",2025-06-17,"Monthly","%",2.28957513379087,"RSAFS"
"123",2002-03-01,"RSAFS",278079,2025-06-24,2025-06-24,278079,"Advance Retail Sales: Retail Trade and Food Services","1992-01-01","2025-05-01","Mil. of $","SA",2025-06-17,"Monthly","%",3.06092950856127,"RSAFS"
"124",2002-04-01,"RSAFS",281147,2025-06-24,2025-06-24,281147,"Advance Retail Sales: Retail Trade and Food Services","1992-01-01","2025-05-01","Mil. of $","SA",2025-06-17,"Monthly","%",2.45508545606938,"RSAFS"
"125",2002-05-01,"RSAFS",278966,2025-06-24,2025-06-24,278966,"Advance Retail Sales: Retail Trade and Food Services","1992-01-01","2025-05-01","Mil. of $","SA",2025-06-17,"Monthly","%",1.15930362005883,"RSAFS"
"126",2002-06-01,"RSAFS",280426,2025-06-24,2025-06-24,280426,"Advance Retail Sales: Retail Trade and Food Services","1992-01-01","2025-05-01","Mil. of $","SA",2025-06-17,"Monthly","%",2.16851140727354,"RSAFS"
"127",2002-07-01,"RSAFS",284161,2025-06-24,2025-06-24,284161,"Advance Retail Sales: Retail Trade and Food Services","1992-01-01","2025-05-01","Mil. of $","SA",2025-06-17,"Monthly","%",4.05092677353918,"RSAFS"
"128",2002-08-01,"RSAFS",285884,2025-06-24,2025-06-24,285884,"Advance Retail Sales: Retail Trade and Food Services","1992-01-01","2025-05-01","Mil. of $","SA",2025-06-17,"Monthly","%",3.70929300331206,"RSAFS"
"129",2002-09-01,"RSAFS",281064,2025-06-24,2025-06-24,281064,"Advance Retail Sales: Retail Trade and Food Services","1992-01-01","2025-05-01","Mil. of $","SA",2025-06-17,"Monthly","%",4.62010333070291,"RSAFS"
"130",2002-10-01,"RSAFS",282940,2025-06-24,2025-06-24,282940,"Advance Retail Sales: Retail Trade and Food Services","1992-01-01","2025-05-01","Mil. of $","SA",2025-06-17,"Monthly","%",-1.97206130990327,"RSAFS"
"131",2002-11-01,"RSAFS",283408,2025-06-24,2025-06-24,283408,"Advance Retail Sales: Retail Trade and Food Services","1992-01-01","2025-05-01","Mil. of $","SA",2025-06-17,"Monthly","%",1.20521509964897,"RSAFS"
"132",2002-12-01,"RSAFS",286646,2025-06-24,2025-06-24,286646,"Advance Retail Sales: Retail Trade and Food Services","1992-01-01","2025-05-01","Mil. of $","SA",2025-06-17,"Monthly","%",3.74372968708152,"RSAFS"
"133",2003-01-01,"RSAFS",288657,2025-06-24,2025-06-24,288657,"Advance Retail Sales: Retail Trade and Food Services","1992-01-01","2025-05-01","Mil. of $","SA",2025-06-17,"Monthly","%",4.15754054883,"RSAFS"
"134",2003-02-01,"RSAFS",284696,2025-06-24,2025-06-24,284696,"Advance Retail Sales: Retail Trade and Food Services","1992-01-01","2025-05-01","Mil. of $","SA",2025-06-17,"Monthly","%",2.08951156277679,"RSAFS"
"135",2003-03-01,"RSAFS",288177,2025-06-24,2025-06-24,288177,"Advance Retail Sales: Retail Trade and Food Services","1992-01-01","2025-05-01","Mil. of $","SA",2025-06-17,"Monthly","%",3.63134217254808,"RSAFS"
"136",2003-04-01,"RSAFS",289053,2025-06-24,2025-06-24,289053,"Advance Retail Sales: Retail Trade and Food Services","1992-01-01","2025-05-01","Mil. of $","SA",2025-06-17,"Monthly","%",2.81205205817596,"RSAFS"
"137",2003-05-01,"RSAFS",289619,2025-06-24,2025-06-24,289619,"Advance Retail Sales: Retail Trade and Food Services","1992-01-01","2025-05-01","Mil. of $","SA",2025-06-17,"Monthly","%",3.81874493665895,"RSAFS"
"138",2003-06-01,"RSAFS",293671,2025-06-24,2025-06-24,293671,"Advance Retail Sales: Retail Trade and Food Services","1992-01-01","2025-05-01","Mil. of $","SA",2025-06-17,"Monthly","%",4.72317117528331,"RSAFS"
"139",2003-07-01,"RSAFS",296207,2025-06-24,2025-06-24,296207,"Advance Retail Sales: Retail Trade and Food Services","1992-01-01","2025-05-01","Mil. of $","SA",2025-06-17,"Monthly","%",4.2391461178698,"RSAFS"
"140",2003-08-01,"RSAFS",299592,2025-06-24,2025-06-24,299592,"Advance Retail Sales: Retail Trade and Food Services","1992-01-01","2025-05-01","Mil. of $","SA",2025-06-17,"Monthly","%",4.79495179863161,"RSAFS"
"141",2003-09-01,"RSAFS",298921,2025-06-24,2025-06-24,298921,"Advance Retail Sales: Retail Trade and Food Services","1992-01-01","2025-05-01","Mil. of $","SA",2025-06-17,"Monthly","%",6.35335724247859,"RSAFS"
"142",2003-10-01,"RSAFS",298205,2025-06-24,2025-06-24,298205,"Advance Retail Sales: Retail Trade and Food Services","1992-01-01","2025-05-01","Mil. of $","SA",2025-06-17,"Monthly","%",5.39513677811549,"RSAFS"
"143",2003-11-01,"RSAFS",299433,2025-06-24,2025-06-24,299433,"Advance Retail Sales: Retail Trade and Food Services","1992-01-01","2025-05-01","Mil. of $","SA",2025-06-17,"Monthly","%",5.65439225427653,"RSAFS"
"144",2003-12-01,"RSAFS",300702,2025-06-24,2025-06-24,300702,"Advance Retail Sales: Retail Trade and Food Services","1992-01-01","2025-05-01","Mil. of $","SA",2025-06-17,"Monthly","%",4.90360932997496,"RSAFS"
"145",2004-01-01,"RSAFS",301993,2025-06-24,2025-06-24,301993,"Advance Retail Sales: Retail Trade and Food Services","1992-01-01","2025-05-01","Mil. of $","SA",2025-06-17,"Monthly","%",4.62001614372767,"RSAFS"
"146",2004-02-01,"RSAFS",303915,2025-06-24,2025-06-24,303915,"Advance Retail Sales: Retail Trade and Food Services","1992-01-01","2025-05-01","Mil. of $","SA",2025-06-17,"Monthly","%",6.75070952876051,"RSAFS"
"147",2004-03-01,"RSAFS",309471,2025-06-24,2025-06-24,309471,"Advance Retail Sales: Retail Trade and Food Services","1992-01-01","2025-05-01","Mil. of $","SA",2025-06-17,"Monthly","%",7.38920871547695,"RSAFS"
"148",2004-04-01,"RSAFS",307358,2025-06-24,2025-06-24,307358,"Advance Retail Sales: Retail Trade and Food Services","1992-01-01","2025-05-01","Mil. of $","SA",2025-06-17,"Monthly","%",6.33274866546965,"RSAFS"
"149",2004-05-01,"RSAFS",311088,2025-06-24,2025-06-24,311088,"Advance Retail Sales: Retail Trade and Food Services","1992-01-01","2025-05-01","Mil. of $","SA",2025-06-17,"Monthly","%",7.41284238948412,"RSAFS"
"150",2004-06-01,"RSAFS",309127,2025-06-24,2025-06-24,309127,"Advance Retail Sales: Retail Trade and Food Services","1992-01-01","2025-05-01","Mil. of $","SA",2025-06-17,"Monthly","%",5.26303244106501,"RSAFS"
"151",2004-07-01,"RSAFS",311681,2025-06-24,2025-06-24,311681,"Advance Retail Sales: Retail Trade and Food Services","1992-01-01","2025-05-01","Mil. of $","SA",2025-06-17,"Monthly","%",5.2240493978873,"RSAFS"
"152",2004-08-01,"RSAFS",311192,2025-06-24,2025-06-24,311192,"Advance Retail Sales: Retail Trade and Food Services","1992-01-01","2025-05-01","Mil. of $","SA",2025-06-17,"Monthly","%",3.87193249485969,"RSAFS"
"153",2004-09-01,"RSAFS",317446,2025-06-24,2025-06-24,317446,"Advance Retail Sales: Retail Trade and Food Services","1992-01-01","2025-05-01","Mil. of $","SA",2025-06-17,"Monthly","%",6.1972895848736,"RSAFS"
"154",2004-10-01,"RSAFS",318476,2025-06-24,2025-06-24,318476,"Advance Retail Sales: Retail Trade and Food Services","1992-01-01","2025-05-01","Mil. of $","SA",2025-06-17,"Monthly","%",6.79767274190575,"RSAFS"
"155",2004-11-01,"RSAFS",320520,2025-06-24,2025-06-24,320520,"Advance Retail Sales: Retail Trade and Food Services","1992-01-01","2025-05-01","Mil. of $","SA",2025-06-17,"Monthly","%",7.04230996583544,"RSAFS"
"156",2004-12-01,"RSAFS",324672,2025-06-24,2025-06-24,324672,"Advance Retail Sales: Retail Trade and Food Services","1992-01-01","2025-05-01","Mil. of $","SA",2025-06-17,"Monthly","%",7.9713470479079,"RSAFS"
"157",2005-01-01,"RSAFS",321272,2025-06-24,2025-06-24,321272,"Advance Retail Sales: Retail Trade and Food Services","1992-01-01","2025-05-01","Mil. of $","SA",2025-06-17,"Monthly","%",6.38392280615776,"RSAFS"
"158",2005-02-01,"RSAFS",325308,2025-06-24,2025-06-24,325308,"Advance Retail Sales: Retail Trade and Food Services","1992-01-01","2025-05-01","Mil. of $","SA",2025-06-17,"Monthly","%",7.03913923300923,"RSAFS"
"159",2005-03-01,"RSAFS",326179,2025-06-24,2025-06-24,326179,"Advance Retail Sales: Retail Trade and Food Services","1992-01-01","2025-05-01","Mil. of $","SA",2025-06-17,"Monthly","%",5.39889036452528,"RSAFS"
"160",2005-04-01,"RSAFS",329124,2025-06-24,2025-06-24,329124,"Advance Retail Sales: Retail Trade and Food Services","1992-01-01","2025-05-01","Mil. of $","SA",2025-06-17,"Monthly","%",7.08164420643029,"RSAFS"
"161",2005-05-01,"RSAFS",327233,2025-06-24,2025-06-24,327233,"Advance Retail Sales: Retail Trade and Food Services","1992-01-01","2025-05-01","Mil. of $","SA",2025-06-17,"Monthly","%",5.18984981741502,"RSAFS"
"162",2005-06-01,"RSAFS",337219,2025-06-24,2025-06-24,337219,"Advance Retail Sales: Retail Trade and Food Services","1992-01-01","2025-05-01","Mil. of $","SA",2025-06-17,"Monthly","%",9.08752713286125,"RSAFS"
"163",2005-07-01,"RSAFS",339529,2025-06-24,2025-06-24,339529,"Advance Retail Sales: Retail Trade and Food Services","1992-01-01","2025-05-01","Mil. of $","SA",2025-06-17,"Monthly","%",8.93477626162646,"RSAFS"
"164",2005-08-01,"RSAFS",335605,2025-06-24,2025-06-24,335605,"Advance Retail Sales: Retail Trade and Food Services","1992-01-01","2025-05-01","Mil. of $","SA",2025-06-17,"Monthly","%",7.84499601532174,"RSAFS"
"165",2005-09-01,"RSAFS",336600,2025-06-24,2025-06-24,336600,"Advance Retail Sales: Retail Trade and Food Services","1992-01-01","2025-05-01","Mil. of $","SA",2025-06-17,"Monthly","%",6.03378212357377,"RSAFS"
"166",2005-10-01,"RSAFS",336753,2025-06-24,2025-06-24,336753,"Advance Retail Sales: Retail Trade and Food Services","1992-01-01","2025-05-01","Mil. of $","SA",2025-06-17,"Monthly","%",5.73889398259209,"RSAFS"
"167",2005-11-01,"RSAFS",339719,2025-06-24,2025-06-24,339719,"Advance Retail Sales: Retail Trade and Food Services","1992-01-01","2025-05-01","Mil. of $","SA",2025-06-17,"Monthly","%",5.98995382503431,"RSAFS"
"168",2005-12-01,"RSAFS",339895,2025-06-24,2025-06-24,339895,"Advance Retail Sales: Retail Trade and Food Services","1992-01-01","2025-05-01","Mil. of $","SA",2025-06-17,"Monthly","%",4.68873201261581,"RSAFS"
"169",2006-01-01,"RSAFS",349664,2025-06-24,2025-06-24,349664,"Advance Retail Sales: Retail Trade and Food Services","1992-01-01","2025-05-01","Mil. of $","SA",2025-06-17,"Monthly","%",8.83737144849224,"RSAFS"
"170",2006-02-01,"RSAFS",347021,2025-06-24,2025-06-24,347021,"Advance Retail Sales: Retail Trade and Food Services","1992-01-01","2025-05-01","Mil. of $","SA",2025-06-17,"Monthly","%",6.67459761210913,"RSAFS"
"171",2006-03-01,"RSAFS",348357,2025-06-24,2025-06-24,348357,"Advance Retail Sales: Retail Trade and Food Services","1992-01-01","2025-05-01","Mil. of $","SA",2025-06-17,"Monthly","%",6.79933410795912,"RSAFS"
"172",2006-04-01,"RSAFS",350072,2025-06-24,2025-06-24,350072,"Advance Retail Sales: Retail Trade and Food Services","1992-01-01","2025-05-01","Mil. of $","SA",2025-06-17,"Monthly","%",6.36477437075389,"RSAFS"
"173",2006-05-01,"RSAFS",348889,2025-06-24,2025-06-24,348889,"Advance Retail Sales: Retail Trade and Food Services","1992-01-01","2025-05-01","Mil. of $","SA",2025-06-17,"Monthly","%",6.61791445239326,"RSAFS"
"174",2006-06-01,"RSAFS",350795,2025-06-24,2025-06-24,350795,"Advance Retail Sales: Retail Trade and Food Services","1992-01-01","2025-05-01","Mil. of $","SA",2025-06-17,"Monthly","%",4.02587042841596,"RSAFS"
"175",2006-07-01,"RSAFS",351916,2025-06-24,2025-06-24,351916,"Advance Retail Sales: Retail Trade and Food Services","1992-01-01","2025-05-01","Mil. of $","SA",2025-06-17,"Monthly","%",3.64828924775202,"RSAFS"
"176",2006-08-01,"RSAFS",353285,2025-06-24,2025-06-24,353285,"Advance Retail Sales: Retail Trade and Food Services","1992-01-01","2025-05-01","Mil. of $","SA",2025-06-17,"Monthly","%",5.26809791272478,"RSAFS"
"177",2006-09-01,"RSAFS",351240,2025-06-24,2025-06-24,351240,"Advance Retail Sales: Retail Trade and Food Services","1992-01-01","2025-05-01","Mil. of $","SA",2025-06-17,"Monthly","%",4.34937611408199,"RSAFS"
"178",2006-10-01,"RSAFS",351035,2025-06-24,2025-06-24,351035,"Advance Retail Sales: Retail Trade and Food Services","1992-01-01","2025-05-01","Mil. of $","SA",2025-06-17,"Monthly","%",4.24109065101128,"RSAFS"
"179",2006-11-01,"RSAFS",352116,2025-06-24,2025-06-24,352116,"Advance Retail Sales: Retail Trade and Food Services","1992-01-01","2025-05-01","Mil. of $","SA",2025-06-17,"Monthly","%",3.64919242079482,"RSAFS"
"180",2006-12-01,"RSAFS",356367,2025-06-24,2025-06-24,356367,"Advance Retail Sales: Retail Trade and Food Services","1992-01-01","2025-05-01","Mil. of $","SA",2025-06-17,"Monthly","%",4.84620250371439,"RSAFS"
"181",2007-01-01,"RSAFS",355792,2025-06-24,2025-06-24,355792,"Advance Retail Sales: Retail Trade and Food Services","1992-01-01","2025-05-01","Mil. of $","SA",2025-06-17,"Monthly","%",1.75253958085477,"RSAFS"
"182",2007-02-01,"RSAFS",356545,2025-06-24,2025-06-24,356545,"Advance Retail Sales: Retail Trade and Food Services","1992-01-01","2025-05-01","Mil. of $","SA",2025-06-17,"Monthly","%",2.74450249408538,"RSAFS"
"183",2007-03-01,"RSAFS",359415,2025-06-24,2025-06-24,359415,"Advance Retail Sales: Retail Trade and Food Services","1992-01-01","2025-05-01","Mil. of $","SA",2025-06-17,"Monthly","%",3.17432978237842,"RSAFS"
"184",2007-04-01,"RSAFS",358562,2025-06-24,2025-06-24,358562,"Advance Retail Sales: Retail Trade and Food Services","1992-01-01","2025-05-01","Mil. of $","SA",2025-06-17,"Monthly","%",2.42521538426381,"RSAFS"
"185",2007-05-01,"RSAFS",363085,2025-06-24,2025-06-24,363085,"Advance Retail Sales: Retail Trade and Food Services","1992-01-01","2025-05-01","Mil. of $","SA",2025-06-17,"Monthly","%",4.06891590161913,"RSAFS"
"186",2007-06-01,"RSAFS",360234,2025-06-24,2025-06-24,360234,"Advance Retail Sales: Retail Trade and Food Services","1992-01-01","2025-05-01","Mil. of $","SA",2025-06-17,"Monthly","%",2.69074530708819,"RSAFS"
"187",2007-07-01,"RSAFS",361770,2025-06-24,2025-06-24,361770,"Advance Retail Sales: Retail Trade and Food Services","1992-01-01","2025-05-01","Mil. of $","SA",2025-06-17,"Monthly","%",2.80010002386932,"RSAFS"
"188",2007-08-01,"RSAFS",363676,2025-06-24,2025-06-24,363676,"Advance Retail Sales: Retail Trade and Food Services","1992-01-01","2025-05-01","Mil. of $","SA",2025-06-17,"Monthly","%",2.94125139759684,"RSAFS"
"189",2007-09-01,"RSAFS",365178,2025-06-24,2025-06-24,365178,"Advance Retail Sales: Retail Trade and Food Services","1992-01-01","2025-05-01","Mil. of $","SA",2025-06-17,"Monthly","%",3.96822685343354,"RSAFS"
"190",2007-10-01,"RSAFS",367322,2025-06-24,2025-06-24,367322,"Advance Retail Sales: Retail Trade and Food Services","1992-01-01","2025-05-01","Mil. of $","SA",2025-06-17,"Monthly","%",4.63970829119604,"RSAFS"
"191",2007-11-01,"RSAFS",370776,2025-06-24,2025-06-24,370776,"Advance Retail Sales: Retail Trade and Food Services","1992-01-01","2025-05-01","Mil. of $","SA",2025-06-17,"Monthly","%",5.29938997375865,"RSAFS"
"192",2007-12-01,"RSAFS",366569,2025-06-24,2025-06-24,366569,"Advance Retail Sales: Retail Trade and Food Services","1992-01-01","2025-05-01","Mil. of $","SA",2025-06-17,"Monthly","%",2.86277910131971,"RSAFS"
"193",2008-01-01,"RSAFS",367368,2025-06-24,2025-06-24,367368,"Advance Retail Sales: Retail Trade and Food Services","1992-01-01","2025-05-01","Mil. of $","SA",2025-06-17,"Monthly","%",3.25358636506723,"RSAFS"
"194",2008-02-01,"RSAFS",364126,2025-06-24,2025-06-24,364126,"Advance Retail Sales: Retail Trade and Food Services","1992-01-01","2025-05-01","Mil. of $","SA",2025-06-17,"Monthly","%",2.12623932462943,"RSAFS"
"195",2008-03-01,"RSAFS",365164,2025-06-24,2025-06-24,365164,"Advance Retail Sales: Retail Trade and Food Services","1992-01-01","2025-05-01","Mil. of $","SA",2025-06-17,"Monthly","%",1.59954370296176,"RSAFS"
"196",2008-04-01,"RSAFS",364816,2025-06-24,2025-06-24,364816,"Advance Retail Sales: Retail Trade and Food Services","1992-01-01","2025-05-01","Mil. of $","SA",2025-06-17,"Monthly","%",1.74418928943949,"RSAFS"
"197",2008-05-01,"RSAFS",368255,2025-06-24,2025-06-24,368255,"Advance Retail Sales: Retail Trade and Food Services","1992-01-01","2025-05-01","Mil. of $","SA",2025-06-17,"Monthly","%",1.42390900202432,"RSAFS"
"198",2008-06-01,"RSAFS",368926,2025-06-24,2025-06-24,368926,"Advance Retail Sales: Retail Trade and Food Services","1992-01-01","2025-05-01","Mil. of $","SA",2025-06-17,"Monthly","%",2.4128760749957,"RSAFS"
"199",2008-07-01,"RSAFS",367594,2025-06-24,2025-06-24,367594,"Advance Retail Sales: Retail Trade and Food Services","1992-01-01","2025-05-01","Mil. of $","SA",2025-06-17,"Monthly","%",1.60986261989662,"RSAFS"
"200",2008-08-01,"RSAFS",364611,2025-06-24,2025-06-24,364611,"Advance Retail Sales: Retail Trade and Food Services","1992-01-01","2025-05-01","Mil. of $","SA",2025-06-17,"Monthly","%",0.257096976429572,"RSAFS"
"201",2008-09-01,"RSAFS",358991,2025-06-24,2025-06-24,358991,"Advance Retail Sales: Retail Trade and Food Services","1992-01-01","2025-05-01","Mil. of $","SA",2025-06-17,"Monthly","%",-1.69424225993899,"RSAFS"
"202",2008-10-01,"RSAFS",346137,2025-06-24,2025-06-24,346137,"Advance Retail Sales: Retail Trade and Food Services","1992-01-01","2025-05-01","Mil. of $","SA",2025-06-17,"Monthly","%",-5.76741932146727,"RSAFS"
"203",2008-11-01,"RSAFS",332498,2025-06-24,2025-06-24,332498,"Advance Retail Sales: Retail Trade and Food Services","1992-01-01","2025-05-01","Mil. of $","SA",2025-06-17,"Monthly","%",-10.3237534252487,"RSAFS"
"204",2008-12-01,"RSAFS",324767,2025-06-24,2025-06-24,324767,"Advance Retail Sales: Retail Trade and Food Services","1992-01-01","2025-05-01","Mil. of $","SA",2025-06-17,"Monthly","%",-11.4035829543688,"RSAFS"
"205",2009-01-01,"RSAFS",329787,2025-06-24,2025-06-24,329787,"Advance Retail Sales: Retail Trade and Food Services","1992-01-01","2025-05-01","Mil. of $","SA",2025-06-17,"Monthly","%",-10.229796824982,"RSAFS"
"206",2009-02-01,"RSAFS",328376,2025-06-24,2025-06-24,328376,"Advance Retail Sales: Retail Trade and Food Services","1992-01-01","2025-05-01","Mil. of $","SA",2025-06-17,"Monthly","%",-9.81803002257461,"RSAFS"
"207",2009-03-01,"RSAFS",322634,2025-06-24,2025-06-24,322634,"Advance Retail Sales: Retail Trade and Food Services","1992-01-01","2025-05-01","Mil. of $","SA",2025-06-17,"Monthly","%",-11.6468217020298,"RSAFS"
"208",2009-04-01,"RSAFS",324323,2025-06-24,2025-06-24,324323,"Advance Retail Sales: Retail Trade and Food Services","1992-01-01","2025-05-01","Mil. of $","SA",2025-06-17,"Monthly","%",-11.0995680014034,"RSAFS"
"209",2009-05-01,"RSAFS",327011,2025-06-24,2025-06-24,327011,"Advance Retail Sales: Retail Trade and Food Services","1992-01-01","2025-05-01","Mil. of $","SA",2025-06-17,"Monthly","%",-11.1998479314605,"RSAFS"
"210",2009-06-01,"RSAFS",332227,2025-06-24,2025-06-24,332227,"Advance Retail Sales: Retail Trade and Food Services","1992-01-01","2025-05-01","Mil. of $","SA",2025-06-17,"Monthly","%",-9.94752335156643,"RSAFS"
"211",2009-07-01,"RSAFS",333670,2025-06-24,2025-06-24,333670,"Advance Retail Sales: Retail Trade and Food Services","1992-01-01","2025-05-01","Mil. of $","SA",2025-06-17,"Monthly","%",-9.22865988019391,"RSAFS"
"212",2009-08-01,"RSAFS",339586,2025-06-24,2025-06-24,339586,"Advance Retail Sales: Retail Trade and Food Services","1992-01-01","2025-05-01","Mil. of $","SA",2025-06-17,"Monthly","%",-6.86347915998146,"RSAFS"
"213",2009-09-01,"RSAFS",330998,2025-06-24,2025-06-24,330998,"Advance Retail Sales: Retail Trade and Food Services","1992-01-01","2025-05-01","Mil. of $","SA",2025-06-17,"Monthly","%",-7.79768852143926,"RSAFS"
"214",2009-10-01,"RSAFS",334595,2025-06-24,2025-06-24,334595,"Advance Retail Sales: Retail Trade and Food Services","1992-01-01","2025-05-01","Mil. of $","SA",2025-06-17,"Monthly","%",-3.33451783542354,"RSAFS"
"215",2009-11-01,"RSAFS",337321,2025-06-24,2025-06-24,337321,"Advance Retail Sales: Retail Trade and Food Services","1992-01-01","2025-05-01","Mil. of $","SA",2025-06-17,"Monthly","%",1.45053504081227,"RSAFS"
"216",2009-12-01,"RSAFS",338736,2025-06-24,2025-06-24,338736,"Advance Retail Sales: Retail Trade and Food Services","1992-01-01","2025-05-01","Mil. of $","SA",2025-06-17,"Monthly","%",4.30123750257878,"RSAFS"
"217",2010-01-01,"RSAFS",339093,2025-06-24,2025-06-24,339093,"Advance Retail Sales: Retail Trade and Food Services","1992-01-01","2025-05-01","Mil. of $","SA",2025-06-17,"Monthly","%",2.82182135742162,"RSAFS"
"218",2010-02-01,"RSAFS",339580,2025-06-24,2025-06-24,339580,"Advance Retail Sales: Retail Trade and Food Services","1992-01-01","2025-05-01","Mil. of $","SA",2025-06-17,"Monthly","%",3.4119424074841,"RSAFS"
"219",2010-03-01,"RSAFS",346974,2025-06-24,2025-06-24,346974,"Advance Retail Sales: Retail Trade and Food Services","1992-01-01","2025-05-01","Mil. of $","SA",2025-06-17,"Monthly","%",7.54415219722657,"RSAFS"
"220",2010-04-01,"RSAFS",349869,2025-06-24,2025-06-24,349869,"Advance Retail Sales: Retail Trade and Food Services","1992-01-01","2025-05-01","Mil. of $","SA",2025-06-17,"Monthly","%",7.87671549658828,"RSAFS"
"221",2010-05-01,"RSAFS",346858,2025-06-24,2025-06-24,346858,"Advance Retail Sales: Retail Trade and Food Services","1992-01-01","2025-05-01","Mil. of $","SA",2025-06-17,"Monthly","%",6.06921479705576,"RSAFS"
"222",2010-06-01,"RSAFS",346516,2025-06-24,2025-06-24,346516,"Advance Retail Sales: Retail Trade and Food Services","1992-01-01","2025-05-01","Mil. of $","SA",2025-06-17,"Monthly","%",4.30097493581196,"RSAFS"
"223",2010-07-01,"RSAFS",347612,2025-06-24,2025-06-24,347612,"Advance Retail Sales: Retail Trade and Food Services","1992-01-01","2025-05-01","Mil. of $","SA",2025-06-17,"Monthly","%",4.17837983636526,"RSAFS"
"224",2010-08-01,"RSAFS",349188,2025-06-24,2025-06-24,349188,"Advance Retail Sales: Retail Trade and Food Services","1992-01-01","2025-05-01","Mil. of $","SA",2025-06-17,"Monthly","%",2.82756061792888,"RSAFS"
"225",2010-09-01,"RSAFS",352179,2025-06-24,2025-06-24,352179,"Advance Retail Sales: Retail Trade and Food Services","1992-01-01","2025-05-01","Mil. of $","SA",2025-06-17,"Monthly","%",6.39913232104121,"RSAFS"
"226",2010-10-01,"RSAFS",356215,2025-06-24,2025-06-24,356215,"Advance Retail Sales: Retail Trade and Food Services","1992-01-01","2025-05-01","Mil. of $","SA",2025-06-17,"Monthly","%",6.46154305951971,"RSAFS"
"227",2010-11-01,"RSAFS",359450,2025-06-24,2025-06-24,359450,"Advance Retail Sales: Retail Trade and Food Services","1992-01-01","2025-05-01","Mil. of $","SA",2025-06-17,"Monthly","%",6.56022008709805,"RSAFS"
"228",2010-12-01,"RSAFS",361979,2025-06-24,2025-06-24,361979,"Advance Retail Sales: Retail Trade and Food Services","1992-01-01","2025-05-01","Mil. of $","SA",2025-06-17,"Monthly","%",6.86168579660857,"RSAFS"
"229",2011-01-01,"RSAFS",364394,2025-06-24,2025-06-24,364394,"Advance Retail Sales: Retail Trade and Food Services","1992-01-01","2025-05-01","Mil. of $","SA",2025-06-17,"Monthly","%",7.46137490305019,"RSAFS"
"230",2011-02-01,"RSAFS",367475,2025-06-24,2025-06-24,367475,"Advance Retail Sales: Retail Trade and Food Services","1992-01-01","2025-05-01","Mil. of $","SA",2025-06-17,"Monthly","%",8.21455916131693,"RSAFS"
"231",2011-03-01,"RSAFS",370775,2025-06-24,2025-06-24,370775,"Advance Retail Sales: Retail Trade and Food Services","1992-01-01","2025-05-01","Mil. of $","SA",2025-06-17,"Monthly","%",6.85959178497524,"RSAFS"
"232",2011-04-01,"RSAFS",372820,2025-06-24,2025-06-24,372820,"Advance Retail Sales: Retail Trade and Food Services","1992-01-01","2025-05-01","Mil. of $","SA",2025-06-17,"Monthly","%",6.55988384223809,"RSAFS"
"233",2011-05-01,"RSAFS",372505,2025-06-24,2025-06-24,372505,"Advance Retail Sales: Retail Trade and Food Services","1992-01-01","2025-05-01","Mil. of $","SA",2025-06-17,"Monthly","%",7.3940921068564,"RSAFS"
"234",2011-06-01,"RSAFS",375587,2025-06-24,2025-06-24,375587,"Advance Retail Sales: Retail Trade and Food Services","1992-01-01","2025-05-01","Mil. of $","SA",2025-06-17,"Monthly","%",8.38951159542416,"RSAFS"
"235",2011-07-01,"RSAFS",375442,2025-06-24,2025-06-24,375442,"Advance Retail Sales: Retail Trade and Food Services","1992-01-01","2025-05-01","Mil. of $","SA",2025-06-17,"Monthly","%",8.00605272545252,"RSAFS"
"236",2011-08-01,"RSAFS",375860,2025-06-24,2025-06-24,375860,"Advance Retail Sales: Retail Trade and Food Services","1992-01-01","2025-05-01","Mil. of $","SA",2025-06-17,"Monthly","%",7.63829226663002,"RSAFS"
"237",2011-09-01,"RSAFS",380042,2025-06-24,2025-06-24,380042,"Advance Retail Sales: Retail Trade and Food Services","1992-01-01","2025-05-01","Mil. of $","SA",2025-06-17,"Monthly","%",7.91160177069048,"RSAFS"
"238",2011-10-01,"RSAFS",382207,2025-06-24,2025-06-24,382207,"Advance Retail Sales: Retail Trade and Food Services","1992-01-01","2025-05-01","Mil. of $","SA",2025-06-17,"Monthly","%",7.29671687042937,"RSAFS"
"239",2011-11-01,"RSAFS",383422,2025-06-24,2025-06-24,383422,"Advance Retail Sales: Retail Trade and Food Services","1992-01-01","2025-05-01","Mil. of $","SA",2025-06-17,"Monthly","%",6.66907775768535,"RSAFS"
"240",2011-12-01,"RSAFS",383985,2025-06-24,2025-06-24,383985,"Advance Retail Sales: Retail Trade and Food Services","1992-01-01","2025-05-01","Mil. of $","SA",2025-06-17,"Monthly","%",6.0793581948124,"RSAFS"
"241",2012-01-01,"RSAFS",387531,2025-06-24,2025-06-24,387531,"Advance Retail Sales: Retail Trade and Food Services","1992-01-01","2025-05-01","Mil. of $","SA",2025-06-17,"Monthly","%",6.34944592940607,"RSAFS"
"242",2012-02-01,"RSAFS",392310,2025-06-24,2025-06-24,392310,"Advance Retail Sales: Retail Trade and Food Services","1992-01-01","2025-05-01","Mil. of $","SA",2025-06-17,"Monthly","%",6.75828287638616,"RSAFS"
"243",2012-03-01,"RSAFS",393698,2025-06-24,2025-06-24,393698,"Advance Retail Sales: Retail Trade and Food Services","1992-01-01","2025-05-01","Mil. of $","SA",2025-06-17,"Monthly","%",6.18245566718361,"RSAFS"
"244",2012-04-01,"RSAFS",392073,2025-06-24,2025-06-24,392073,"Advance Retail Sales: Retail Trade and Food Services","1992-01-01","2025-05-01","Mil. of $","SA",2025-06-17,"Monthly","%",5.16415428356847,"RSAFS"
"245",2012-05-01,"RSAFS",391376,2025-06-24,2025-06-24,391376,"Advance Retail Sales: Retail Trade and Food Services","1992-01-01","2025-05-01","Mil. of $","SA",2025-06-17,"Monthly","%",5.06597226882861,"RSAFS"
"246",2012-06-01,"RSAFS",387901,2025-06-24,2025-06-24,387901,"Advance Retail Sales: Retail Trade and Food Services","1992-01-01","2025-05-01","Mil. of $","SA",2025-06-17,"Monthly","%",3.27860122954202,"RSAFS"
"247",2012-07-01,"RSAFS",389686,2025-06-24,2025-06-24,389686,"Advance Retail Sales: Retail Trade and Food Services","1992-01-01","2025-05-01","Mil. of $","SA",2025-06-17,"Monthly","%",3.79392822326752,"RSAFS"
"248",2012-08-01,"RSAFS",394524,2025-06-24,2025-06-24,394524,"Advance Retail Sales: Retail Trade and Food Services","1992-01-01","2025-05-01","Mil. of $","SA",2025-06-17,"Monthly","%",4.96567871015803,"RSAFS"
"249",2012-09-01,"RSAFS",397681,2025-06-24,2025-06-24,397681,"Advance Retail Sales: Retail Trade and Food Services","1992-01-01","2025-05-01","Mil. of $","SA",2025-06-17,"Monthly","%",4.64132911625557,"RSAFS"
"250",2012-10-01,"RSAFS",397494,2025-06-24,2025-06-24,397494,"Advance Retail Sales: Retail Trade and Food Services","1992-01-01","2025-05-01","Mil. of $","SA",2025-06-17,"Monthly","%",3.99966510294161,"RSAFS"
"251",2012-11-01,"RSAFS",399708,2025-06-24,2025-06-24,399708,"Advance Retail Sales: Retail Trade and Food Services","1992-01-01","2025-05-01","Mil. of $","SA",2025-06-17,"Monthly","%",4.24753926483092,"RSAFS"
"252",2012-12-01,"RSAFS",401093,2025-06-24,2025-06-24,401093,"Advance Retail Sales: Retail Trade and Food Services","1992-01-01","2025-05-01","Mil. of $","SA",2025-06-17,"Monthly","%",4.45538237170722,"RSAFS"
"253",2013-01-01,"RSAFS",404434,2025-06-24,2025-06-24,404434,"Advance Retail Sales: Retail Trade and Food Services","1992-01-01","2025-05-01","Mil. of $","SA",2025-06-17,"Monthly","%",4.36171557888272,"RSAFS"
"254",2013-02-01,"RSAFS",409118,2025-06-24,2025-06-24,409118,"Advance Retail Sales: Retail Trade and Food Services","1992-01-01","2025-05-01","Mil. of $","SA",2025-06-17,"Monthly","%",4.28436695470418,"RSAFS"
"255",2013-03-01,"RSAFS",406223,2025-06-24,2025-06-24,406223,"Advance Retail Sales: Retail Trade and Food Services","1992-01-01","2025-05-01","Mil. of $","SA",2025-06-17,"Monthly","%",3.18137252411748,"RSAFS"
"256",2013-04-01,"RSAFS",404231,2025-06-24,2025-06-24,404231,"Advance Retail Sales: Retail Trade and Food Services","1992-01-01","2025-05-01","Mil. of $","SA",2025-06-17,"Monthly","%",3.10095313882874,"RSAFS"
"257",2013-05-01,"RSAFS",406677,2025-06-24,2025-06-24,406677,"Advance Retail Sales: Retail Trade and Food Services","1992-01-01","2025-05-01","Mil. of $","SA",2025-06-17,"Monthly","%",3.90953967540166,"RSAFS"
"258",2013-06-01,"RSAFS",407921,2025-06-24,2025-06-24,407921,"Advance Retail Sales: Retail Trade and Food Services","1992-01-01","2025-05-01","Mil. of $","SA",2025-06-17,"Monthly","%",5.16111069577032,"RSAFS"
"259",2013-07-01,"RSAFS",410268,2025-06-24,2025-06-24,410268,"Advance Retail Sales: Retail Trade and Food Services","1992-01-01","2025-05-01","Mil. of $","SA",2025-06-17,"Monthly","%",5.28168833368405,"RSAFS"
"260",2013-08-01,"RSAFS",409691,2025-06-24,2025-06-24,409691,"Advance Retail Sales: Retail Trade and Food Services","1992-01-01","2025-05-01","Mil. of $","SA",2025-06-17,"Monthly","%",3.84437955612333,"RSAFS"
"261",2013-09-01,"RSAFS",410044,2025-06-24,2025-06-24,410044,"Advance Retail Sales: Retail Trade and Food Services","1992-01-01","2025-05-01","Mil. of $","SA",2025-06-17,"Monthly","%",3.1087731121175,"RSAFS"
"262",2013-10-01,"RSAFS",411399,2025-06-24,2025-06-24,411399,"Advance Retail Sales: Retail Trade and Food Services","1992-01-01","2025-05-01","Mil. of $","SA",2025-06-17,"Monthly","%",3.49816601005297,"RSAFS"
"263",2013-11-01,"RSAFS",412561,2025-06-24,2025-06-24,412561,"Advance Retail Sales: Retail Trade and Food Services","1992-01-01","2025-05-01","Mil. of $","SA",2025-06-17,"Monthly","%",3.21559738609185,"RSAFS"
"264",2013-12-01,"RSAFS",414812,2025-06-24,2025-06-24,414812,"Advance Retail Sales: Retail Trade and Food Services","1992-01-01","2025-05-01","Mil. of $","SA",2025-06-17,"Monthly","%",3.42040374676198,"RSAFS"
"265",2014-01-01,"RSAFS",411561,2025-06-24,2025-06-24,411561,"Advance Retail Sales: Retail Trade and Food Services","1992-01-01","2025-05-01","Mil. of $","SA",2025-06-17,"Monthly","%",1.76221583744196,"RSAFS"
"266",2014-02-01,"RSAFS",416736,2025-06-24,2025-06-24,416736,"Advance Retail Sales: Retail Trade and Food Services","1992-01-01","2025-05-01","Mil. of $","SA",2025-06-17,"Monthly","%",1.86205446839298,"RSAFS"
"267",2014-03-01,"RSAFS",421230,2025-06-24,2025-06-24,421230,"Advance Retail Sales: Retail Trade and Food Services","1992-01-01","2025-05-01","Mil. of $","SA",2025-06-17,"Monthly","%",3.69427629651693,"RSAFS"
"268",2014-04-01,"RSAFS",425546,2025-06-24,2025-06-24,425546,"Advance Retail Sales: Retail Trade and Food Services","1992-01-01","2025-05-01","Mil. of $","SA",2025-06-17,"Monthly","%",5.27297510581821,"RSAFS"
"269",2014-05-01,"RSAFS",426253,2025-06-24,2025-06-24,426253,"Advance Retail Sales: Retail Trade and Food Services","1992-01-01","2025-05-01","Mil. of $","SA",2025-06-17,"Monthly","%",4.8136481777922,"RSAFS"
"270",2014-06-01,"RSAFS",427305,2025-06-24,2025-06-24,427305,"Advance Retail Sales: Retail Trade and Food Services","1992-01-01","2025-05-01","Mil. of $","SA",2025-06-17,"Monthly","%",4.75190049053615,"RSAFS"
"271",2014-07-01,"RSAFS",428079,2025-06-24,2025-06-24,428079,"Advance Retail Sales: Retail Trade and Food Services","1992-01-01","2025-05-01","Mil. of $","SA",2025-06-17,"Monthly","%",4.34130860803181,"RSAFS"
"272",2014-08-01,"RSAFS",431379,2025-06-24,2025-06-24,431379,"Advance Retail Sales: Retail Trade and Food Services","1992-01-01","2025-05-01","Mil. of $","SA",2025-06-17,"Monthly","%",5.29374577425425,"RSAFS"
"273",2014-09-01,"RSAFS",430189,2025-06-24,2025-06-24,430189,"Advance Retail Sales: Retail Trade and Food Services","1992-01-01","2025-05-01","Mil. of $","SA",2025-06-17,"Monthly","%",4.91288739745004,"RSAFS"
"274",2014-10-01,"RSAFS",431903,2025-06-24,2025-06-24,431903,"Advance Retail Sales: Retail Trade and Food Services","1992-01-01","2025-05-01","Mil. of $","SA",2025-06-17,"Monthly","%",4.98396933390699,"RSAFS"
"275",2014-11-01,"RSAFS",433113,2025-06-24,2025-06-24,433113,"Advance Retail Sales: Retail Trade and Food Services","1992-01-01","2025-05-01","Mil. of $","SA",2025-06-17,"Monthly","%",4.98156636230764,"RSAFS"
"276",2014-12-01,"RSAFS",430110,2025-06-24,2025-06-24,430110,"Advance Retail Sales: Retail Trade and Food Services","1992-01-01","2025-05-01","Mil. of $","SA",2025-06-17,"Monthly","%",3.68793573956394,"RSAFS"
"277",2015-01-01,"RSAFS",428208,2025-06-24,2025-06-24,428208,"Advance Retail Sales: Retail Trade and Food Services","1992-01-01","2025-05-01","Mil. of $","SA",2025-06-17,"Monthly","%",4.04484389920328,"RSAFS"
"278",2015-02-01,"RSAFS",427119,2025-06-24,2025-06-24,427119,"Advance Retail Sales: Retail Trade and Food Services","1992-01-01","2025-05-01","Mil. of $","SA",2025-06-17,"Monthly","%",2.49150541349918,"RSAFS"
"279",2015-03-01,"RSAFS",433647,2025-06-24,2025-06-24,433647,"Advance Retail Sales: Retail Trade and Food Services","1992-01-01","2025-05-01","Mil. of $","SA",2025-06-17,"Monthly","%",2.94779574104409,"RSAFS"
"280",2015-04-01,"RSAFS",434470,2025-06-24,2025-06-24,434470,"Advance Retail Sales: Retail Trade and Food Services","1992-01-01","2025-05-01","Mil. of $","SA",2025-06-17,"Monthly","%",2.09707058696358,"RSAFS"
"281",2015-05-01,"RSAFS",437865,2025-06-24,2025-06-24,437865,"Advance Retail Sales: Retail Trade and Food Services","1992-01-01","2025-05-01","Mil. of $","SA",2025-06-17,"Monthly","%",2.72420370061912,"RSAFS"
"282",2015-06-01,"RSAFS",437951,2025-06-24,2025-06-24,437951,"Advance Retail Sales: Retail Trade and Food Services","1992-01-01","2025-05-01","Mil. of $","SA",2025-06-17,"Monthly","%",2.49142883888558,"RSAFS"
"283",2015-07-01,"RSAFS",441942,2025-06-24,2025-06-24,441942,"Advance Retail Sales: Retail Trade and Food Services","1992-01-01","2025-05-01","Mil. of $","SA",2025-06-17,"Monthly","%",3.23842094566658,"RSAFS"
"284",2015-08-01,"RSAFS",441849,2025-06-24,2025-06-24,441849,"Advance Retail Sales: Retail Trade and Food Services","1992-01-01","2025-05-01","Mil. of $","SA",2025-06-17,"Monthly","%",2.42710006745808,"RSAFS"
"285",2015-09-01,"RSAFS",439867,2025-06-24,2025-06-24,439867,"Advance Retail Sales: Retail Trade and Food Services","1992-01-01","2025-05-01","Mil. of $","SA",2025-06-17,"Monthly","%",2.2497088489013,"RSAFS"
"286",2015-10-01,"RSAFS",438693,2025-06-24,2025-06-24,438693,"Advance Retail Sales: Retail Trade and Food Services","1992-01-01","2025-05-01","Mil. of $","SA",2025-06-17,"Monthly","%",1.57211225668727,"RSAFS"
"287",2015-11-01,"RSAFS",440303,2025-06-24,2025-06-24,440303,"Advance Retail Sales: Retail Trade and Food Services","1992-01-01","2025-05-01","Mil. of $","SA",2025-06-17,"Monthly","%",1.6600748534447,"RSAFS"
"288",2015-12-01,"RSAFS",442149,2025-06-24,2025-06-24,442149,"Advance Retail Sales: Retail Trade and Food Services","1992-01-01","2025-05-01","Mil. of $","SA",2025-06-17,"Monthly","%",2.79905140545442,"RSAFS"
"289",2016-01-01,"RSAFS",439466,2025-06-24,2025-06-24,439466,"Advance Retail Sales: Retail Trade and Food Services","1992-01-01","2025-05-01","Mil. of $","SA",2025-06-17,"Monthly","%",2.62909614019355,"RSAFS"
"290",2016-02-01,"RSAFS",443117,2025-06-24,2025-06-24,443117,"Advance Retail Sales: Retail Trade and Food Services","1992-01-01","2025-05-01","Mil. of $","SA",2025-06-17,"Monthly","%",3.74556037076319,"RSAFS"
"291",2016-03-01,"RSAFS",441856,2025-06-24,2025-06-24,441856,"Advance Retail Sales: Retail Trade and Food Services","1992-01-01","2025-05-01","Mil. of $","SA",2025-06-17,"Monthly","%",1.89301436421789,"RSAFS"
"292",2016-04-01,"RSAFS",444254,2025-06-24,2025-06-24,444254,"Advance Retail Sales: Retail Trade and Food Services","1992-01-01","2025-05-01","Mil. of $","SA",2025-06-17,"Monthly","%",2.25193914424471,"RSAFS"
"293",2016-05-01,"RSAFS",445490,2025-06-24,2025-06-24,445490,"Advance Retail Sales: Retail Trade and Food Services","1992-01-01","2025-05-01","Mil. of $","SA",2025-06-17,"Monthly","%",1.74140431411509,"RSAFS"
"294",2016-06-01,"RSAFS",450237,2025-06-24,2025-06-24,450237,"Advance Retail Sales: Retail Trade and Food Services","1992-01-01","2025-05-01","Mil. of $","SA",2025-06-17,"Monthly","%",2.80533667008409,"RSAFS"
"295",2016-07-01,"RSAFS",449789,2025-06-24,2025-06-24,449789,"Advance Retail Sales: Retail Trade and Food Services","1992-01-01","2025-05-01","Mil. of $","SA",2025-06-17,"Monthly","%",1.77557236017396,"RSAFS"
"296",2016-08-01,"RSAFS",449946,2025-06-24,2025-06-24,449946,"Advance Retail Sales: Retail Trade and Food Services","1992-01-01","2025-05-01","Mil. of $","SA",2025-06-17,"Monthly","%",1.83252649660857,"RSAFS"
"297",2016-09-01,"RSAFS",453056,2025-06-24,2025-06-24,453056,"Advance Retail Sales: Retail Trade and Food Services","1992-01-01","2025-05-01","Mil. of $","SA",2025-06-17,"Monthly","%",2.9984063364608,"RSAFS"
"298",2016-10-01,"RSAFS",453847,2025-06-24,2025-06-24,453847,"Advance Retail Sales: Retail Trade and Food Services","1992-01-01","2025-05-01","Mil. of $","SA",2025-06-17,"Monthly","%",3.45435190440695,"RSAFS"
"299",2016-11-01,"RSAFS",453892,2025-06-24,2025-06-24,453892,"Advance Retail Sales: Retail Trade and Food Services","1992-01-01","2025-05-01","Mil. of $","SA",2025-06-17,"Monthly","%",3.08628376368092,"RSAFS"
"300",2016-12-01,"RSAFS",459305,2025-06-24,2025-06-24,459305,"Advance Retail Sales: Retail Trade and Food Services","1992-01-01","2025-05-01","Mil. of $","SA",2025-06-17,"Monthly","%",3.88013995282133,"RSAFS"
"301",2017-01-01,"RSAFS",464412,2025-06-24,2025-06-24,464412,"Advance Retail Sales: Retail Trade and Food Services","1992-01-01","2025-05-01","Mil. of $","SA",2025-06-17,"Monthly","%",5.67643458196994,"RSAFS"
"302",2017-02-01,"RSAFS",464284,2025-06-24,2025-06-24,464284,"Advance Retail Sales: Retail Trade and Food Services","1992-01-01","2025-05-01","Mil. of $","SA",2025-06-17,"Monthly","%",4.77684223354102,"RSAFS"
"303",2017-03-01,"RSAFS",463674,2025-06-24,2025-06-24,463674,"Advance Retail Sales: Retail Trade and Food Services","1992-01-01","2025-05-01","Mil. of $","SA",2025-06-17,"Monthly","%",4.93780779258401,"RSAFS"
"304",2017-04-01,"RSAFS",465276,2025-06-24,2025-06-24,465276,"Advance Retail Sales: Retail Trade and Food Services","1992-01-01","2025-05-01","Mil. of $","SA",2025-06-17,"Monthly","%",4.73197765242406,"RSAFS"
"305",2017-05-01,"RSAFS",462754,2025-06-24,2025-06-24,462754,"Advance Retail Sales: Retail Trade and Food Services","1992-01-01","2025-05-01","Mil. of $","SA",2025-06-17,"Monthly","%",3.87528339581136,"RSAFS"
"306",2017-06-01,"RSAFS",465130,2025-06-24,2025-06-24,465130,"Advance Retail Sales: Retail Trade and Food Services","1992-01-01","2025-05-01","Mil. of $","SA",2025-06-17,"Monthly","%",3.3078134404769,"RSAFS"
"307",2017-07-01,"RSAFS",465089,2025-06-24,2025-06-24,465089,"Advance Retail Sales: Retail Trade and Food Services","1992-01-01","2025-05-01","Mil. of $","SA",2025-06-17,"Monthly","%",3.40159497008596,"RSAFS"
"308",2017-08-01,"RSAFS",466020,2025-06-24,2025-06-24,466020,"Advance Retail Sales: Retail Trade and Food Services","1992-01-01","2025-05-01","Mil. of $","SA",2025-06-17,"Monthly","%",3.57242869144296,"RSAFS"
"309",2017-09-01,"RSAFS",475724,2025-06-24,2025-06-24,475724,"Advance Retail Sales: Retail Trade and Food Services","1992-01-01","2025-05-01","Mil. of $","SA",2025-06-17,"Monthly","%",5.00335499364317,"RSAFS"
"310",2017-10-01,"RSAFS",476107,2025-06-24,2025-06-24,476107,"Advance Retail Sales: Retail Trade and Food Services","1992-01-01","2025-05-01","Mil. of $","SA",2025-06-17,"Monthly","%",4.90473661828765,"RSAFS"
"311",2017-11-01,"RSAFS",480949,2025-06-24,2025-06-24,480949,"Advance Retail Sales: Retail Trade and Food Services","1992-01-01","2025-05-01","Mil. of $","SA",2025-06-17,"Monthly","%",5.9611096912922,"RSAFS"
"312",2017-12-01,"RSAFS",483586,2025-06-24,2025-06-24,483586,"Advance Retail Sales: Retail Trade and Food Services","1992-01-01","2025-05-01","Mil. of $","SA",2025-06-17,"Monthly","%",5.28646542058109,"RSAFS"
"313",2018-01-01,"RSAFS",481414,2025-06-24,2025-06-24,481414,"Advance Retail Sales: Retail Trade and Food Services","1992-01-01","2025-05-01","Mil. of $","SA",2025-06-17,"Monthly","%",3.66097344599192,"RSAFS"
"314",2018-02-01,"RSAFS",484031,2025-06-24,2025-06-24,484031,"Advance Retail Sales: Retail Trade and Food Services","1992-01-01","2025-05-01","Mil. of $","SA",2025-06-17,"Monthly","%",4.25321570418107,"RSAFS"
"315",2018-03-01,"RSAFS",484110,2025-06-24,2025-06-24,484110,"Advance Retail Sales: Retail Trade and Food Services","1992-01-01","2025-05-01","Mil. of $","SA",2025-06-17,"Monthly","%",4.40740692814348,"RSAFS"
"316",2018-04-01,"RSAFS",484154,2025-06-24,2025-06-24,484154,"Advance Retail Sales: Retail Trade and Food Services","1992-01-01","2025-05-01","Mil. of $","SA",2025-06-17,"Monthly","%",4.0573766968423,"RSAFS"
"317",2018-05-01,"RSAFS",491960,2025-06-24,2025-06-24,491960,"Advance Retail Sales: Retail Trade and Food Services","1992-01-01","2025-05-01","Mil. of $","SA",2025-06-17,"Monthly","%",6.31134468853862,"RSAFS"
"318",2018-06-01,"RSAFS",490228,2025-06-24,2025-06-24,490228,"Advance Retail Sales: Retail Trade and Food Services","1992-01-01","2025-05-01","Mil. of $","SA",2025-06-17,"Monthly","%",5.3959108206308,"RSAFS"
"319",2018-07-01,"RSAFS",493142,2025-06-24,2025-06-24,493142,"Advance Retail Sales: Retail Trade and Food Services","1992-01-01","2025-05-01","Mil. of $","SA",2025-06-17,"Monthly","%",6.03174876206489,"RSAFS"
"320",2018-08-01,"RSAFS",493445,2025-06-24,2025-06-24,493445,"Advance Retail Sales: Retail Trade and Food Services","1992-01-01","2025-05-01","Mil. of $","SA",2025-06-17,"Monthly","%",5.88494056049096,"RSAFS"
"321",2018-09-01,"RSAFS",491507,2025-06-24,2025-06-24,491507,"Advance Retail Sales: Retail Trade and Food Services","1992-01-01","2025-05-01","Mil. of $","SA",2025-06-17,"Monthly","%",3.31767999932735,"RSAFS"
"322",2018-10-01,"RSAFS",496416,2025-06-24,2025-06-24,496416,"Advance Retail Sales: Retail Trade and Food Services","1992-01-01","2025-05-01","Mil. of $","SA",2025-06-17,"Monthly","%",4.26563776630042,"RSAFS"
"323",2018-11-01,"RSAFS",498854,2025-06-24,2025-06-24,498854,"Advance Retail Sales: Retail Trade and Food Services","1992-01-01","2025-05-01","Mil. of $","SA",2025-06-17,"Monthly","%",3.72284795269353,"RSAFS"
"324",2018-12-01,"RSAFS",489113,2025-06-24,2025-06-24,489113,"Advance Retail Sales: Retail Trade and Food Services","1992-01-01","2025-05-01","Mil. of $","SA",2025-06-17,"Monthly","%",1.14291977021668,"RSAFS"
"325",2019-01-01,"RSAFS",490440,2025-06-24,2025-06-24,490440,"Advance Retail Sales: Retail Trade and Food Services","1992-01-01","2025-05-01","Mil. of $","SA",2025-06-17,"Monthly","%",1.87489354277193,"RSAFS"
"326",2019-02-01,"RSAFS",491751,2025-06-24,2025-06-24,491751,"Advance Retail Sales: Retail Trade and Food Services","1992-01-01","2025-05-01","Mil. of $","SA",2025-06-17,"Monthly","%",1.59493916711946,"RSAFS"
"327",2019-03-01,"RSAFS",499292,2025-06-24,2025-06-24,499292,"Advance Retail Sales: Retail Trade and Food Services","1992-01-01","2025-05-01","Mil. of $","SA",2025-06-17,"Monthly","%",3.13606411765921,"RSAFS"
"328",2019-04-01,"RSAFS",499343,2025-06-24,2025-06-24,499343,"Advance Retail Sales: Retail Trade and Food Services","1992-01-01","2025-05-01","Mil. of $","SA",2025-06-17,"Monthly","%",3.13722493256279,"RSAFS"
"329",2019-05-01,"RSAFS",504741,2025-06-24,2025-06-24,504741,"Advance Retail Sales: Retail Trade and Food Services","1992-01-01","2025-05-01","Mil. of $","SA",2025-06-17,"Monthly","%",2.59797544515814,"RSAFS"
"330",2019-06-01,"RSAFS",505251,2025-06-24,2025-06-24,505251,"Advance Retail Sales: Retail Trade and Food Services","1992-01-01","2025-05-01","Mil. of $","SA",2025-06-17,"Monthly","%",3.06449244025229,"RSAFS"
"331",2019-07-01,"RSAFS",509091,2025-06-24,2025-06-24,509091,"Advance Retail Sales: Retail Trade and Food Services","1992-01-01","2025-05-01","Mil. of $","SA",2025-06-17,"Monthly","%",3.23415973492422,"RSAFS"
"332",2019-08-01,"RSAFS",512561,2025-06-24,2025-06-24,512561,"Advance Retail Sales: Retail Trade and Food Services","1992-01-01","2025-05-01","Mil. of $","SA",2025-06-17,"Monthly","%",3.87398798244991,"RSAFS"
"333",2019-09-01,"RSAFS",509282,2025-06-24,2025-06-24,509282,"Advance Retail Sales: Retail Trade and Food Services","1992-01-01","2025-05-01","Mil. of $","SA",2025-06-17,"Monthly","%",3.61642865717071,"RSAFS"
"334",2019-10-01,"RSAFS",510648,2025-06-24,2025-06-24,510648,"Advance Retail Sales: Retail Trade and Food Services","1992-01-01","2025-05-01","Mil. of $","SA",2025-06-17,"Monthly","%",2.86695029974859,"RSAFS"
"335",2019-11-01,"RSAFS",514215,2025-06-24,2025-06-24,514215,"Advance Retail Sales: Retail Trade and Food Services","1992-01-01","2025-05-01","Mil. of $","SA",2025-06-17,"Monthly","%",3.07925765855341,"RSAFS"
"336",2019-12-01,"RSAFS",515866,2025-06-24,2025-06-24,515866,"Advance Retail Sales: Retail Trade and Food Services","1992-01-01","2025-05-01","Mil. of $","SA",2025-06-17,"Monthly","%",5.46969718653971,"RSAFS"
"337",2020-01-01,"RSAFS",515119,2025-06-24,2025-06-24,515119,"Advance Retail Sales: Retail Trade and Food Services","1992-01-01","2025-05-01","Mil. of $","SA",2025-06-17,"Monthly","%",5.03201207079358,"RSAFS"
"338",2020-02-01,"RSAFS",515330,2025-06-24,2025-06-24,515330,"Advance Retail Sales: Retail Trade and Food Services","1992-01-01","2025-05-01","Mil. of $","SA",2025-06-17,"Monthly","%",4.79490636521329,"RSAFS"
"339",2020-03-01,"RSAFS",468324,2025-06-24,2025-06-24,468324,"Advance Retail Sales: Retail Trade and Food Services","1992-01-01","2025-05-01","Mil. of $","SA",2025-06-17,"Monthly","%",-6.2023825737244,"RSAFS"
"340",2020-04-01,"RSAFS",401028,2025-06-24,2025-06-24,401028,"Advance Retail Sales: Retail Trade and Food Services","1992-01-01","2025-05-01","Mil. of $","SA",2025-06-17,"Monthly","%",-19.6888711767262,"RSAFS"
"341",2020-05-01,"RSAFS",478449,2025-06-24,2025-06-24,478449,"Advance Retail Sales: Retail Trade and Food Services","1992-01-01","2025-05-01","Mil. of $","SA",2025-06-17,"Monthly","%",-5.20900818439556,"RSAFS"
"342",2020-06-01,"RSAFS",518038,2025-06-24,2025-06-24,518038,"Advance Retail Sales: Retail Trade and Food Services","1992-01-01","2025-05-01","Mil. of $","SA",2025-06-17,"Monthly","%",2.53082131455455,"RSAFS"
"343",2020-07-01,"RSAFS",526304,2025-06-24,2025-06-24,526304,"Advance Retail Sales: Retail Trade and Food Services","1992-01-01","2025-05-01","Mil. of $","SA",2025-06-17,"Monthly","%",3.3811243962278,"RSAFS"
"344",2020-08-01,"RSAFS",530735,2025-06-24,2025-06-24,530735,"Advance Retail Sales: Retail Trade and Food Services","1992-01-01","2025-05-01","Mil. of $","SA",2025-06-17,"Monthly","%",3.54572431378899,"RSAFS"
"345",2020-09-01,"RSAFS",541302,2025-06-24,2025-06-24,541302,"Advance Retail Sales: Retail Trade and Food Services","1992-01-01","2025-05-01","Mil. of $","SA",2025-06-17,"Monthly","%",6.28728288060445,"RSAFS"
"346",2020-10-01,"RSAFS",539114,2025-06-24,2025-06-24,539114,"Advance Retail Sales: Retail Trade and Food Services","1992-01-01","2025-05-01","Mil. of $","SA",2025-06-17,"Monthly","%",5.5744857514374,"RSAFS"
"347",2020-11-01,"RSAFS",533941,2025-06-24,2025-06-24,533941,"Advance Retail Sales: Retail Trade and Food Services","1992-01-01","2025-05-01","Mil. of $","SA",2025-06-17,"Monthly","%",3.83613858016589,"RSAFS"
"348",2020-12-01,"RSAFS",538548,2025-06-24,2025-06-24,538548,"Advance Retail Sales: Retail Trade and Food Services","1992-01-01","2025-05-01","Mil. of $","SA",2025-06-17,"Monthly","%",4.39687825908279,"RSAFS"
"349",2021-01-01,"RSAFS",559230,2025-06-24,2025-06-24,559230,"Advance Retail Sales: Retail Trade and Food Services","1992-01-01","2025-05-01","Mil. of $","SA",2025-06-17,"Monthly","%",8.56326402248802,"RSAFS"
"350",2021-02-01,"RSAFS",544891,2025-06-24,2025-06-24,544891,"Advance Retail Sales: Retail Trade and Food Services","1992-01-01","2025-05-01","Mil. of $","SA",2025-06-17,"Monthly","%",5.73632429705238,"RSAFS"
"351",2021-03-01,"RSAFS",603581,2025-06-24,2025-06-24,603581,"Advance Retail Sales: Retail Trade and Food Services","1992-01-01","2025-05-01","Mil. of $","SA",2025-06-17,"Monthly","%",28.8810737865239,"RSAFS"
"352",2021-04-01,"RSAFS",608961,2025-06-24,2025-06-24,608961,"Advance Retail Sales: Retail Trade and Food Services","1992-01-01","2025-05-01","Mil. of $","SA",2025-06-17,"Monthly","%",51.8499955115354,"RSAFS"
"353",2021-05-01,"RSAFS",605282,2025-06-24,2025-06-24,605282,"Advance Retail Sales: Retail Trade and Food Services","1992-01-01","2025-05-01","Mil. of $","SA",2025-06-17,"Monthly","%",26.5091995176079,"RSAFS"
"354",2021-06-01,"RSAFS",611950,2025-06-24,2025-06-24,611950,"Advance Retail Sales: Retail Trade and Food Services","1992-01-01","2025-05-01","Mil. of $","SA",2025-06-17,"Monthly","%",18.1283998471155,"RSAFS"
"355",2021-07-01,"RSAFS",601817,2025-06-24,2025-06-24,601817,"Advance Retail Sales: Retail Trade and Food Services","1992-01-01","2025-05-01","Mil. of $","SA",2025-06-17,"Monthly","%",14.3477913905272,"RSAFS"
"356",2021-08-01,"RSAFS",605533,2025-06-24,2025-06-24,605533,"Advance Retail Sales: Retail Trade and Food Services","1992-01-01","2025-05-01","Mil. of $","SA",2025-06-17,"Monthly","%",14.0932857263983,"RSAFS"
"357",2021-09-01,"RSAFS",609671,2025-06-24,2025-06-24,609671,"Advance Retail Sales: Retail Trade and Food Services","1992-01-01","2025-05-01","Mil. of $","SA",2025-06-17,"Monthly","%",12.6304724534548,"RSAFS"
"358",2021-10-01,"RSAFS",618573,2025-06-24,2025-06-24,618573,"Advance Retail Sales: Retail Trade and Food Services","1992-01-01","2025-05-01","Mil. of $","SA",2025-06-17,"Monthly","%",14.7388121992751,"RSAFS"
"359",2021-11-01,"RSAFS",624874,2025-06-24,2025-06-24,624874,"Advance Retail Sales: Retail Trade and Food Services","1992-01-01","2025-05-01","Mil. of $","SA",2025-06-17,"Monthly","%",17.0305333360802,"RSAFS"
"360",2021-12-01,"RSAFS",619938,2025-06-24,2025-06-24,619938,"Advance Retail Sales: Retail Trade and Food Services","1992-01-01","2025-05-01","Mil. of $","SA",2025-06-17,"Monthly","%",15.1128590209229,"RSAFS"
"361",2022-01-01,"RSAFS",631509,2025-06-24,2025-06-24,631509,"Advance Retail Sales: Retail Trade and Food Services","1992-01-01","2025-05-01","Mil. of $","SA",2025-06-17,"Monthly","%",12.9247357974358,"RSAFS"
"362",2022-02-01,"RSAFS",638101,2025-06-24,2025-06-24,638101,"Advance Retail Sales: Retail Trade and Food Services","1992-01-01","2025-05-01","Mil. of $","SA",2025-06-17,"Monthly","%",17.1061735282836,"RSAFS"
"363",2022-03-01,"RSAFS",651027,2025-06-24,2025-06-24,651027,"Advance Retail Sales: Retail Trade and Food Services","1992-01-01","2025-05-01","Mil. of $","SA",2025-06-17,"Monthly","%",7.8607510839473,"RSAFS"
"364",2022-04-01,"RSAFS",660194,2025-06-24,2025-06-24,660194,"Advance Retail Sales: Retail Trade and Food Services","1992-01-01","2025-05-01","Mil. of $","SA",2025-06-17,"Monthly","%",8.41318245339193,"RSAFS"
"365",2022-05-01,"RSAFS",659847,2025-06-24,2025-06-24,659847,"Advance Retail Sales: Retail Trade and Food Services","1992-01-01","2025-05-01","Mil. of $","SA",2025-06-17,"Monthly","%",9.01480632168146,"RSAFS"
"366",2022-06-01,"RSAFS",666113,2025-06-24,2025-06-24,666113,"Advance Retail Sales: Retail Trade and Food Services","1992-01-01","2025-05-01","Mil. of $","SA",2025-06-17,"Monthly","%",8.85088651033581,"RSAFS"
"367",2022-07-01,"RSAFS",659550,2025-06-24,2025-06-24,659550,"Advance Retail Sales: Retail Trade and Food Services","1992-01-01","2025-05-01","Mil. of $","SA",2025-06-17,"Monthly","%",9.59311551518152,"RSAFS"
"368",2022-08-01,"RSAFS",663566,2025-06-24,2025-06-24,663566,"Advance Retail Sales: Retail Trade and Food Services","1992-01-01","2025-05-01","Mil. of $","SA",2025-06-17,"Monthly","%",9.5837881667886,"RSAFS"
"369",2022-09-01,"RSAFS",661854,2025-06-24,2025-06-24,661854,"Advance Retail Sales: Retail Trade and Food Services","1992-01-01","2025-05-01","Mil. of $","SA",2025-06-17,"Monthly","%",8.55920652286233,"RSAFS"
"370",2022-10-01,"RSAFS",668671,2025-06-24,2025-06-24,668671,"Advance Retail Sales: Retail Trade and Food Services","1992-01-01","2025-05-01","Mil. of $","SA",2025-06-17,"Monthly","%",8.09896325898478,"RSAFS"
"371",2022-11-01,"RSAFS",659458,2025-06-24,2025-06-24,659458,"Advance Retail Sales: Retail Trade and Food Services","1992-01-01","2025-05-01","Mil. of $","SA",2025-06-17,"Monthly","%",5.53455576644251,"RSAFS"
"372",2022-12-01,"RSAFS",651763,2025-06-24,2025-06-24,651763,"Advance Retail Sales: Retail Trade and Food Services","1992-01-01","2025-05-01","Mil. of $","SA",2025-06-17,"Monthly","%",5.13357787391642,"RSAFS"
"373",2023-01-01,"RSAFS",680253,2025-06-24,2025-06-24,680253,"Advance Retail Sales: Retail Trade and Food Services","1992-01-01","2025-05-01","Mil. of $","SA",2025-06-17,"Monthly","%",7.71865484102365,"RSAFS"
"374",2023-02-01,"RSAFS",672152,2025-06-24,2025-06-24,672152,"Advance Retail Sales: Retail Trade and Food Services","1992-01-01","2025-05-01","Mil. of $","SA",2025-06-17,"Monthly","%",5.33630256025299,"RSAFS"
"375",2023-03-01,"RSAFS",665071,2025-06-24,2025-06-24,665071,"Advance Retail Sales: Retail Trade and Food Services","1992-01-01","2025-05-01","Mil. of $","SA",2025-06-17,"Monthly","%",2.15720699755924,"RSAFS"
"376",2023-04-01,"RSAFS",670494,2025-06-24,2025-06-24,670494,"Advance Retail Sales: Retail Trade and Food Services","1992-01-01","2025-05-01","Mil. of $","SA",2025-06-17,"Monthly","%",1.56014747180375,"RSAFS"
"377",2023-05-01,"RSAFS",673902,2025-06-24,2025-06-24,673902,"Advance Retail Sales: Retail Trade and Food Services","1992-01-01","2025-05-01","Mil. of $","SA",2025-06-17,"Monthly","%",2.13003923636843,"RSAFS"
"378",2023-06-01,"RSAFS",677117,2025-06-24,2025-06-24,677117,"Advance Retail Sales: Retail Trade and Food Services","1992-01-01","2025-05-01","Mil. of $","SA",2025-06-17,"Monthly","%",1.65197196271503,"RSAFS"
"379",2023-07-01,"RSAFS",678424,2025-06-24,2025-06-24,678424,"Advance Retail Sales: Retail Trade and Food Services","1992-01-01","2025-05-01","Mil. of $","SA",2025-06-17,"Monthly","%",2.86164809339702,"RSAFS"
"380",2023-08-01,"RSAFS",684755,2025-06-24,2025-06-24,684755,"Advance Retail Sales: Retail Trade and Food Services","1992-01-01","2025-05-01","Mil. of $","SA",2025-06-17,"Monthly","%",3.19320158055114,"RSAFS"
"381",2023-09-01,"RSAFS",689403,2025-06-24,2025-06-24,689403,"Advance Retail Sales: Retail Trade and Food Services","1992-01-01","2025-05-01","Mil. of $","SA",2025-06-17,"Monthly","%",4.16239835371548,"RSAFS"
"382",2023-10-01,"RSAFS",686148,2025-06-24,2025-06-24,686148,"Advance Retail Sales: Retail Trade and Food Services","1992-01-01","2025-05-01","Mil. of $","SA",2025-06-17,"Monthly","%",2.61369193519683,"RSAFS"
"383",2023-11-01,"RSAFS",685328,2025-06-24,2025-06-24,685328,"Advance Retail Sales: Retail Trade and Food Services","1992-01-01","2025-05-01","Mil. of $","SA",2025-06-17,"Monthly","%",3.92291851793443,"RSAFS"
"384",2023-12-01,"RSAFS",686277,2025-06-24,2025-06-24,686277,"Advance Retail Sales: Retail Trade and Food Services","1992-01-01","2025-05-01","Mil. of $","SA",2025-06-17,"Monthly","%",5.29548317409856,"RSAFS"
"385",2024-01-01,"RSAFS",680456,2025-06-24,2025-06-24,680456,"Advance Retail Sales: Retail Trade and Food Services","1992-01-01","2025-05-01","Mil. of $","SA",2025-06-17,"Monthly","%",0.0298418382572274,"RSAFS"
"386",2024-02-01,"RSAFS",685280,2025-06-24,2025-06-24,685280,"Advance Retail Sales: Retail Trade and Food Services","1992-01-01","2025-05-01","Mil. of $","SA",2025-06-17,"Monthly","%",1.95312964924601,"RSAFS"
"387",2024-03-01,"RSAFS",687641,2025-06-24,2025-06-24,687641,"Advance Retail Sales: Retail Trade and Food Services","1992-01-01","2025-05-01","Mil. of $","SA",2025-06-17,"Monthly","%",3.39362263577874,"RSAFS"
"388",2024-04-01,"RSAFS",687602,2025-06-24,2025-06-24,687602,"Advance Retail Sales: Retail Trade and Food Services","1992-01-01","2025-05-01","Mil. of $","SA",2025-06-17,"Monthly","%",2.55155154259397,"RSAFS"
"389",2024-05-01,"RSAFS",692635,2025-06-24,2025-06-24,692635,"Advance Retail Sales: Retail Trade and Food Services","1992-01-01","2025-05-01","Mil. of $","SA",2025-06-17,"Monthly","%",2.77978103641183,"RSAFS"
"390",2024-06-01,"RSAFS",690682,2025-06-24,2025-06-24,690682,"Advance Retail Sales: Retail Trade and Food Services","1992-01-01","2025-05-01","Mil. of $","SA",2025-06-17,"Monthly","%",2.00334654129197,"RSAFS"
"391",2024-07-01,"RSAFS",699098,2025-06-24,2025-06-24,699098,"Advance Retail Sales: Retail Trade and Food Services","1992-01-01","2025-05-01","Mil. of $","SA",2025-06-17,"Monthly","%",3.047356815207,"RSAFS"
"392",2024-08-01,"RSAFS",697522,2025-06-24,2025-06-24,697522,"Advance Retail Sales: Retail Trade and Food Services","1992-01-01","2025-05-01","Mil. of $","SA",2025-06-17,"Monthly","%",1.86446247197902,"RSAFS"
"393",2024-09-01,"RSAFS",703079,2025-06-24,2025-06-24,703079,"Advance Retail Sales: Retail Trade and Food Services","1992-01-01","2025-05-01","Mil. of $","SA",2025-06-17,"Monthly","%",1.9837453564896,"RSAFS"
"394",2024-10-01,"RSAFS",707613,2025-06-24,2025-06-24,707613,"Advance Retail Sales: Retail Trade and Food Services","1992-01-01","2025-05-01","Mil. of $","SA",2025-06-17,"Monthly","%",3.12833382885325,"RSAFS"
"395",2024-11-01,"RSAFS",712145,2025-06-24,2025-06-24,712145,"Advance Retail Sales: Retail Trade and Food Services","1992-01-01","2025-05-01","Mil. of $","SA",2025-06-17,"Monthly","%",3.91301683281582,"RSAFS"
"396",2024-12-01,"RSAFS",717662,2025-06-24,2025-06-24,717662,"Advance Retail Sales: Retail Trade and Food Services","1992-01-01","2025-05-01","Mil. of $","SA",2025-06-17,"Monthly","%",4.57322626286469,"RSAFS"
"397",2025-01-01,"RSAFS",711461,2025-06-24,2025-06-24,711461,"Advance Retail Sales: Retail Trade and Food Services","1992-01-01","2025-05-01","Mil. of $","SA",2025-06-17,"Monthly","%",4.55650328603172,"RSAFS"
"398",2025-02-01,"RSAFS",711757,2025-06-24,2025-06-24,711757,"Advance Retail Sales: Retail Trade and Food Services","1992-01-01","2025-05-01","Mil. of $","SA",2025-06-17,"Monthly","%",3.863676161569,"RSAFS"
"399",2025-03-01,"RSAFS",722572,2025-06-24,2025-06-24,722572,"Advance Retail Sales: Retail Trade and Food Services","1992-01-01","2025-05-01","Mil. of $","SA",2025-06-17,"Monthly","%",5.0798309001354,"RSAFS"
"400",2025-04-01,"RSAFS",721983,2025-06-24,2025-06-24,721983,"Advance Retail Sales: Retail Trade and Food Services","1992-01-01","2025-05-01","Mil. of $","SA",2025-06-17,"Monthly","%",5.00013088967164,"RSAFS"
"401",2025-05-01,"RSAFS",715417,2025-06-24,2025-06-24,715417,"Advance Retail Sales: Retail Trade and Food Services","1992-01-01","2025-05-01","Mil. of $","SA",2025-06-17,"Monthly","%",3.289178282934,"RSAFS"
